stay_id,patient_id,facility_id,program_id,subprogram_id,admit_ts,discharge_ts,los_days,alc_flag
1,P8DB7F0DDCA5B,7,2,2,2025-04-02 10:14:47.175786,2025-04-16 05:41:11.175786,13.81,0
2,PAF4E073B89AC,10,2,2,2025-11-23 08:22:40.855155,2025-11-27 23:15:28.855155,4.62,0
3,PE63E1ACC7639,3,3,1,2025-11-12 15:39:06.457665,2025-11-16 17:48:42.457665,4.09,1
4,P59C4EE227DD0,8,1,1,2025-01-25 23:43:44.366107,2025-01-28 22:02:56.366107,2.93,0
5,PFCD261866CC1,9,3,3,2025-08-01 07:00:00.729948,2025-08-10 01:43:12.729948,8.78,0
6,P9D1D9E237B9A,11,1,1,2025-05-01 23:34:57.202186,2025-05-06 10:37:21.202186,4.46,1
7,P3298B6AD6CF0,2,2,3,2025-09-24 18:21:32.532094,2025-09-27 07:47:56.532094,2.56,0
8,P69EB98293E48,10,1,3,2025-08-15 05:50:58.479558,2025-08-21 20:29:22.479558,6.61,0
9,P78D133FAA277,8,3,3,2025-11-14 06:41:34.278240,2026-01-05 20:51:10.278240,52.59,0
10,P7553027B9EAB,3,3,2,2025-02-17 13:05:36.640153,2025-02-20 06:22:24.640153,2.72,0
11,P05FB92D350F2,9,3,3,2025-07-22 07:43:21.516025,2025-07-27 07:28:57.516025,4.99,0
12,P86214D8A9FD7,2,6,2,2025-09-18 04:14:42.943883,2025-09-24 06:09:54.943883,6.08,0
13,PBFB65F2C3509,8,3,3,2025-01-12 14:06:48.004783,2025-01-16 02:35:36.004783,3.52,1
14,P86742C25A187,1,6,3,2025-01-23 09:19:44.535332,2025-01-25 10:02:56.535332,2.03,0
15,PEEF8959530B3,11,6,2,2025-09-17 05:53:41.514241,2025-09-22 22:27:17.514241,5.69,0
16,PDB5FBE419853,7,2,1,2025-05-02 23:41:49.765460,2025-06-11 20:05:49.765460,39.85,0
17,PCBD068518773,4,4,2,2025-05-08 11:46:20.561868,2025-05-21 11:03:08.561868,12.97,1
18,P3B9E95601A03,8,5,2,2025-07-08 21:25:09.035973,2025-07-10 11:49:09.035973,1.6,0
19,PE491785E8676,11,6,2,2025-07-21 11:55:04.339947,2025-07-30 10:57:28.339947,8.96,1
20,P3010FAB22B5F,5,5,2,2025-08-15 03:03:50.251867,2025-08-17 02:35:02.251867,1.98,0
21,P73FAC5CC26CB,2,3,1,2025-11-12 22:59:51.525205,2025-11-15 04:16:39.525205,2.22,0
22,PBF1D566C0857,7,5,1,2025-05-04 21:07:51.314656,2025-05-08 05:17:27.314656,3.34,0
23,PD338E635164D,7,2,1,2025-09-12 02:34:15.955011,2025-09-19 00:24:39.955011,6.91,0
24,PE77D2A67B3EF,4,2,1,2025-07-11 02:46:58.268800,2025-07-15 15:44:34.268800,4.54,0
25,P8EEA0748FA9C,10,5,2,2025-06-26 07:26:36.143657,2025-07-07 12:00:12.143657,11.19,0
26,PE8FD17E158B6,4,4,2,2025-05-13 13:05:17.142907,2025-05-20 00:50:53.142907,6.49,0
27,PF0731D9B2FB9,10,3,1,2025-08-05 07:17:21.867917,2025-08-08 02:14:57.867917,2.79,0
28,P91EB21B54247,3,5,2,2025-03-25 02:53:46.793481,2025-04-07 00:44:10.793481,12.91,0
29,P2C11FD2BE9C9,5,6,1,2025-02-07 18:40:52.722406,2025-02-08 09:04:52.722406,0.6,0
30,P23443F388CBF,3,1,2,2025-09-02 23:30:48.517055,2025-09-08 11:16:24.517055,5.49,1
31,P26F1C6D33C69,9,4,1,2025-06-16 04:21:33.589331,2025-06-25 14:11:57.589331,9.41,0
32,PDF92F63B4294,8,1,2,2025-05-09 20:48:11.308586,2025-05-11 05:26:35.308586,1.36,0
33,P085480FA913E,8,1,2,2025-07-07 00:53:17.895808,2025-07-17 21:46:05.895808,10.87,1
34,P333B4029CBB6,6,4,2,2025-03-29 04:07:09.117434,2025-04-04 04:35:57.117434,6.02,0
35,PCAA2E9767D5E,7,4,2,2025-03-28 16:14:09.063420,2025-04-15 22:14:09.063420,18.25,0
36,PFCCC068D4937,2,3,1,2025-05-29 14:36:52.971644,2025-06-05 14:22:28.971644,6.99,0
37,PEDBE613482D8,6,2,2,2025-11-28 18:56:59.914827,2025-12-03 10:18:35.914827,4.64,1
38,PC83F33F973DC,5,3,3,2025-04-06 02:19:49.463629,2025-04-08 13:51:01.463629,2.48,0
39,PF28EB4FC96B4,9,1,1,2025-11-02 04:29:58.002211,2025-11-04 18:53:58.002211,2.6,1
40,P886C21639AAD,1,6,1,2025-06-13 13:40:19.057698,2025-06-15 15:21:07.057698,2.07,0
41,P2FBB01D61D56,5,4,2,2025-02-10 20:07:05.793083,2025-02-16 01:52:41.793083,5.24,0
42,P500A099CCF83,11,6,3,2025-10-11 23:47:15.765905,2025-10-15 10:49:39.765905,3.46,1
43,P157190AEF9AF,8,1,1,2025-05-31 12:43:30.505732,2025-06-01 21:50:42.505732,1.38,0
44,PD353B097A7B1,3,1,1,2025-10-27 06:14:34.130557,2025-10-31 05:02:34.130557,3.95,0
45,PEB3A7F96B6F3,1,3,3,2025-05-29 05:19:43.148632,2025-06-02 04:36:31.148632,3.97,0
46,P5854587B8E68,5,6,2,2025-01-30 05:37:24.970472,2025-01-31 21:56:36.970472,1.68,0
47,P676B274EC497,3,1,1,2025-08-16 01:58:43.132523,2025-08-20 17:34:43.132523,4.65,1
48,PD9F90AFA3A08,5,3,2,2025-10-09 13:24:20.095365,2025-10-13 11:43:32.095365,3.93,1
49,P448244A011F5,7,5,1,2025-04-17 10:08:43.708643,2025-04-20 13:59:07.708643,3.16,0
50,P0BE29AF56775,9,5,1,2025-04-26 16:37:22.639982,2025-05-13 11:20:34.639982,16.78,0
51,P976749DF2D3D,5,2,1,2025-01-22 14:59:35.210047,2025-01-29 18:21:11.210047,7.14,0
52,P8C6A4AA552BE,8,4,1,2025-06-30 13:02:00.668093,2025-07-06 23:50:00.668093,6.45,0
53,P258983F780BD,1,3,3,2025-10-24 19:31:22.099340,2025-10-26 19:16:58.099340,1.99,0
54,P30FDC45EEF96,2,1,3,2025-10-11 12:05:07.834628,2025-10-17 13:45:55.834628,6.07,1
55,P6AB021D52448,1,1,2,2025-08-26 00:46:42.093212,2025-08-28 10:22:42.093212,2.4,0
56,PFD663E49FD4B,2,3,1,2025-11-05 19:10:37.409274,2025-11-07 12:56:13.409274,1.74,0
57,P618D2E8ED0AA,1,6,3,2025-08-01 08:29:54.889194,2025-08-07 13:03:30.889194,6.19,1
58,P017609EB094F,12,5,1,2025-09-22 07:13:17.398881,2025-09-23 08:54:05.398881,1.07,0
59,P56D70EE78661,11,1,2,2025-06-19 09:58:33.295559,2025-06-21 10:27:21.295559,2.02,0
60,P231ED8B79AAB,9,6,1,2025-02-10 09:55:43.467553,2025-02-12 16:53:19.467553,2.29,0
61,PAD4D2B593DCE,8,4,2,2025-03-08 22:14:06.455227,2025-03-12 13:50:06.455227,3.65,0
62,P1F8BD7BFF35C,7,3,2,2025-02-16 05:54:14.260790,2025-02-22 01:06:14.260790,5.8,0
63,P87171BC88595,4,4,2,2025-09-21 04:39:41.407112,2025-09-25 11:08:29.407112,4.27,0
64,P82BF5F4893CB,7,2,2,2025-01-09 18:03:42.992106,2025-01-13 08:56:30.992106,3.62,0
65,P8454E5FE4B75,8,2,1,2025-07-04 11:44:21.575683,2025-07-09 01:53:57.575683,4.59,0
66,P4B16DF09FFBD,10,6,1,2025-05-03 20:20:16.924869,2025-05-05 16:29:52.924869,1.84,1
67,P7BF96FD74ACB,10,1,3,2025-09-25 14:51:52.259394,2025-09-26 22:32:40.259394,1.32,0
68,PE1750355B39E,10,2,1,2025-07-03 16:45:44.265384,2025-07-05 03:33:44.265384,1.45,0
69,PECCD013BB375,12,2,1,2025-07-23 18:41:28.730628,2025-07-25 19:24:40.730628,2.03,0
70,P1410E3E61972,1,3,2,2025-01-29 17:02:02.865704,2025-01-31 21:50:02.865704,2.2,0
71,P65CFC20B0768,10,5,1,2025-04-13 23:51:05.092155,2025-04-15 16:53:29.092155,1.71,0
72,P07D87BBE5435,10,4,2,2025-11-29 20:45:48.928045,2025-12-01 10:55:24.928045,1.59,0
73,P716D48F9ED95,10,6,3,2025-08-28 09:12:22.758648,2025-08-30 10:53:10.758648,2.07,0
74,P8B3A906F0FCF,4,5,3,2025-06-25 01:21:34.824254,2025-07-03 21:59:58.824254,8.86,0
75,PCE732AF87FB4,3,6,1,2025-09-14 03:09:47.111741,2025-09-18 00:16:59.111741,3.88,0
76,P98731422F7A4,9,6,1,2025-10-02 04:07:42.531136,2025-10-04 02:55:42.531136,1.95,0
77,P43F9AECB2ED5,8,4,1,2025-01-25 13:24:56.511312,2025-01-28 18:41:44.511312,3.22,0
78,P28BC9F750340,8,1,1,2025-11-20 19:15:31.731329,2025-11-22 08:41:55.731329,1.56,0
79,P8BC4A1DEEAC9,3,3,2,2025-08-02 21:34:12.022954,2025-08-05 13:39:00.022954,2.67,0
80,P4C2E39F049FC,9,4,2,2025-05-30 20:11:46.209619,2025-06-02 02:40:34.209619,2.27,0
81,P6365B76FC73A,5,4,3,2025-08-15 11:25:51.791777,2025-08-22 13:35:27.791777,7.09,0
82,P98EABA5FC4BD,10,4,1,2025-04-25 17:21:43.658554,2025-04-26 23:07:19.658554,1.24,0
83,P3D292BF6CDF6,1,6,3,2025-10-20 08:39:27.115164,2025-10-22 13:13:03.115164,2.19,0
84,P8CB9B2CCF29B,9,3,3,2025-09-17 19:51:40.778193,2025-09-21 02:06:04.778193,3.26,0
85,PDE0AAE40A09E,5,2,1,2025-08-02 01:13:59.100594,2025-08-10 22:21:11.100594,8.88,0
86,PBB16843621BE,12,2,2,2025-03-02 14:14:57.794369,2025-06-19 18:34:09.794369,109.18,0
87,P3403B334DFC7,10,4,2,2025-11-18 18:23:12.460421,2025-11-24 16:42:24.460421,5.93,0
88,P2877D60F130C,9,2,1,2025-05-25 01:29:07.244030,2025-05-26 13:14:43.244030,1.49,0
89,P810ADADED5F0,6,4,2,2025-10-31 06:24:44.889867,2025-11-06 23:41:32.889867,6.72,0
90,PE7B750CBEDAF,5,6,1,2025-01-19 10:51:34.190431,2025-01-20 09:25:10.190431,0.94,0
91,PD264CDD12FD6,3,1,3,2025-02-11 08:17:44.434129,2025-02-13 22:27:20.434129,2.59,0
92,PDAE201679B66,2,3,3,2025-02-20 22:53:58.598690,2025-02-22 14:29:58.598690,1.65,0
93,PECC48C7EC7BE,3,1,1,2025-02-24 19:56:21.776935,2025-03-01 12:58:45.776935,4.71,0
94,P017CBBBECDD2,4,5,1,2025-04-18 10:42:17.003618,2025-04-20 09:30:17.003618,1.95,0
95,PFE22E272D35B,5,3,3,2025-08-25 04:58:56.651425,2025-08-27 17:42:08.651425,2.53,0
96,PAB0E640B3C76,10,6,3,2025-04-26 05:24:59.306674,2025-04-28 02:03:23.306674,1.86,0
97,PFCF7F84254B3,4,5,2,2025-11-10 07:42:18.745246,2025-11-18 00:59:06.745246,7.72,0
98,P029951DE714A,7,5,3,2025-10-26 00:14:52.538044,2025-10-28 06:00:28.538044,2.24,0
99,PD7A81296769E,9,2,2,2025-10-09 16:42:07.846552,2025-10-17 20:32:31.846552,8.16,0
100,P3B6F51A4051B,10,6,1,2025-03-25 10:50:15.465783,2025-03-29 21:09:27.465783,4.43,0
101,P5C808A4A1914,5,6,3,2025-07-31 11:22:34.587735,2025-08-04 02:29:46.587735,3.63,0
102,P4856FC56DE98,2,5,2,2025-07-03 10:19:28.533149,2025-07-06 19:41:04.533149,3.39,1
103,PAC59296DC208,3,3,1,2025-02-11 16:21:39.595155,2025-02-15 02:55:15.595155,3.44,0
104,PE5ED4C8467DB,3,6,1,2025-04-11 20:10:27.307280,2025-04-12 22:05:39.307280,1.08,0
105,P062FD1881B6E,4,4,2,2025-06-27 15:33:23.090072,2025-07-01 05:42:59.090072,3.59,0
106,P86032A377A8A,9,5,3,2025-06-17 08:33:52.461980,2025-06-21 20:48:16.461980,4.51,0
107,P818ADF1B9D0B,11,3,3,2025-02-26 03:44:17.256364,2025-02-28 19:05:53.256364,2.64,0
108,P0FA0030CAECD,2,3,2,2025-11-10 13:19:22.969365,2025-11-12 08:45:46.969365,1.81,0
109,PA8F660792A43,10,1,1,2025-02-21 08:19:14.091245,2025-02-23 23:26:26.091245,2.63,0
110,PDD6DE3B46744,5,5,2,2025-08-08 08:35:35.246699,2025-08-15 22:01:59.246699,7.56,0
111,PAB12225922B1,2,1,3,2025-08-28 23:17:49.507262,2025-09-23 16:20:13.507262,25.71,1
112,P2DDF413DC5D4,1,2,2,2025-07-21 12:16:12.545875,2025-07-24 03:09:00.545875,2.62,0
113,P79AFFD5B90BF,7,1,2,2025-10-08 13:29:59.254347,2025-10-27 16:37:11.254347,19.13,1
114,PAED214D2DFC2,1,1,2,2025-07-07 16:26:07.192230,2025-07-09 20:45:19.192230,2.18,0
115,P6482DB87AA90,3,5,2,2025-10-02 19:17:17.694508,2025-10-03 18:48:29.694508,0.98,1
116,P129C36C13560,10,6,3,2025-01-10 10:45:39.295036,2025-01-12 00:12:03.295036,1.56,0
117,PF4EB6F420E83,7,5,3,2025-01-16 03:19:50.634856,2025-01-23 01:53:26.634856,6.94,1
118,PABB2E5DC6679,4,5,1,2025-08-02 14:29:53.666607,2025-08-04 21:56:17.666607,2.31,0
119,PF81401487658,4,5,2,2025-07-12 01:33:20.455082,2025-07-17 20:30:56.455082,5.79,0
120,P5EB8425CB52B,10,2,2,2025-08-05 19:49:50.808234,2025-08-08 02:18:38.808234,2.27,0
121,PAA3920AE930D,4,3,1,2025-09-13 09:32:10.807163,2025-09-21 22:00:58.807163,8.52,0
122,P96457596D552,4,2,1,2025-05-19 17:21:41.670132,2025-05-26 22:24:05.670132,7.21,0
123,PFBBDF829F14E,8,1,2,2025-08-01 18:49:03.389280,2025-10-08 17:37:03.389280,67.95,0
124,PBE21AC1D4880,7,4,1,2025-06-15 20:19:12.635788,2025-06-19 19:07:12.635788,3.95,1
125,PD84ECA12A4CC,4,6,3,2025-07-28 20:17:41.173088,2025-08-01 02:17:41.173088,3.25,0
126,P954E704A4F21,1,6,2,2025-04-07 11:03:21.172170,2025-04-09 01:56:09.172170,1.62,0
127,P67085A960F69,1,4,1,2025-11-15 13:32:53.369792,2025-11-30 04:11:17.369792,14.61,0
128,P50C1D57B0217,7,2,3,2025-06-10 19:41:41.952689,2025-06-12 04:05:41.952689,1.35,0
129,P6D0E2FA46CFA,6,1,2,2025-09-25 23:04:03.822572,2025-10-05 03:23:15.822572,9.18,1
130,PD76EFDB56B4B,10,5,3,2025-08-17 02:26:48.490209,2025-08-19 13:43:36.490209,2.47,0
131,PC173ACC2137C,4,1,1,2025-04-10 01:05:29.401680,2025-04-14 03:29:29.401680,4.1,0
132,PAC2CAB952690,8,1,1,2025-01-25 07:12:01.511419,2025-01-28 12:00:01.511419,3.2,0
133,PC00B4D063F1E,12,1,2,2025-01-20 22:49:29.853170,2025-01-22 20:11:05.853170,1.89,0
134,PBEC4F448743D,11,1,2,2025-05-27 09:19:37.759310,2025-05-29 08:36:25.759310,1.97,0
135,PC171E16E074F,11,5,3,2025-06-11 06:08:06.114545,2025-06-13 05:10:30.114545,1.96,0
136,P0ED18B9B6F97,6,1,2,2025-03-09 22:33:06.927835,2025-03-26 22:33:06.927835,17.0,0
137,PA5FE49F19CAB,4,3,1,2025-07-22 00:25:43.753665,2025-07-23 10:01:43.753665,1.4,0
138,PA9BCD048D82E,7,1,2,2025-04-15 02:09:33.602333,2025-04-18 04:33:33.602333,3.1,1
139,P4B4A05FBDF7E,10,2,3,2025-08-28 05:09:22.240147,2025-09-02 20:45:22.240147,5.65,0
140,PF766894DC571,2,6,1,2025-09-02 11:43:27.985433,2025-09-06 21:48:15.985433,4.42,0
141,PCA7E54AD30B3,7,5,1,2025-10-14 15:19:57.745591,2025-10-18 05:43:57.745591,3.6,0
142,PEDE10C2E1466,11,2,1,2025-11-21 19:11:24.109065,2025-11-24 04:04:12.109065,2.37,0
143,PD98A9C555C18,3,5,3,2025-02-13 13:04:59.099544,2025-03-09 14:02:35.099544,24.04,0
144,PA36BC5B90F3C,2,4,3,2025-05-04 09:21:26.146145,2025-05-09 14:52:38.146145,5.23,0
145,P0059903AAFE1,10,3,2,2025-07-07 00:42:59.458539,2025-07-09 00:14:11.458539,1.98,0
146,P85C0E2FCD0A0,9,4,1,2025-04-17 06:22:26.990883,2025-04-23 20:46:26.990883,6.6,0
147,PCE52D3E85670,9,4,1,2025-06-05 08:02:55.520839,2025-06-07 04:41:19.520839,1.86,0
148,P1F532E7D0BC3,5,5,3,2025-03-31 01:38:01.040056,2025-04-14 16:02:01.040056,14.6,0
149,PF476BAA15CFB,4,5,3,2025-03-24 13:22:03.752919,2025-03-28 00:38:51.752919,3.47,0
150,PBE780FD7AC04,6,6,1,2025-02-02 05:43:07.418151,2025-02-04 11:57:31.418151,2.26,0
151,P3F0A045973B8,1,4,3,2025-04-07 15:22:27.637390,2025-04-09 22:20:03.637390,2.29,0
152,PB5BE1E3DDB30,9,4,2,2025-05-08 22:07:31.689641,2025-05-11 23:05:07.689641,3.04,0
153,P5E25B57397BA,4,2,1,2025-07-24 22:05:47.521530,2025-07-28 16:05:47.521530,3.75,1
154,P13F61B066209,7,2,1,2025-03-24 16:10:33.890903,2025-03-30 08:29:45.890903,5.68,0
155,PE22B425623F5,4,1,3,2025-10-16 03:32:15.193507,2025-10-20 01:22:39.193507,3.91,0
156,P3556B3EC4D99,1,6,2,2025-02-23 04:19:10.919079,2025-02-26 18:14:22.919079,3.58,0
157,PD166FC96393D,1,1,2,2025-04-20 00:52:01.487435,2025-04-20 19:35:13.487435,0.78,0
158,PD2DC13975C71,6,1,1,2025-07-12 08:52:29.304644,2025-07-16 11:45:17.304644,4.12,0
159,P6C404CF9CA0C,11,5,3,2025-04-15 03:13:03.531113,2025-04-17 19:17:51.531113,2.67,0
160,PC55ABDF61263,6,1,3,2025-09-12 02:51:57.708389,2025-09-13 16:32:45.708389,1.57,1
161,PBAD2EAE6D1E7,10,4,3,2025-06-15 22:08:17.563714,2025-06-18 01:01:05.563714,2.12,0
162,P9069AFB2A966,8,6,2,2025-06-21 09:40:51.294497,2025-06-23 05:21:39.294497,1.82,0
163,PFC7299021AD0,4,1,3,2025-06-16 02:05:15.322251,2025-06-19 07:50:51.322251,3.24,0
164,P82EB8B26C988,3,3,3,2025-04-13 17:51:19.917284,2025-04-16 04:10:31.917284,2.43,0
165,P49B1F2816052,12,3,1,2025-01-08 17:13:29.911242,2025-01-09 10:15:53.911242,0.71,0
166,P9DECD91A1BD0,10,1,2,2025-11-11 18:18:02.052437,2025-11-12 15:39:38.052437,0.89,0
167,P84C28AC1DBA8,11,2,3,2025-06-18 07:30:43.734550,2025-06-20 04:52:19.734550,1.89,0
168,PC647B1A84989,11,4,1,2025-11-18 21:45:34.384951,2025-11-30 14:04:46.384951,11.68,1
169,PF38FE2DAD2EB,4,4,1,2025-03-13 15:26:03.209387,2025-03-14 03:26:03.209387,0.5,0
170,P799937273FB4,4,3,1,2025-04-28 12:20:15.180504,2025-05-02 23:51:27.180504,4.48,0
171,PCF41BC797304,6,6,2,2025-01-17 19:55:08.089630,2025-01-19 19:26:20.089630,1.98,0
172,P9C608A55A39D,1,1,2,2025-06-14 19:11:40.108464,2025-06-21 01:11:40.108464,6.25,0
173,P7011466E688D,6,6,1,2025-10-21 19:39:25.542485,2025-10-26 20:22:37.542485,5.03,0
174,PF7C2F2D8CE4C,2,5,3,2025-08-06 20:50:46.373358,2025-08-10 06:55:34.373358,3.42,0
175,P50FB49C0315E,2,1,2,2025-06-06 16:55:48.475627,2025-06-09 15:58:12.475627,2.96,1
176,P934D10D1E513,3,3,2,2025-06-28 17:13:56.885942,2025-06-29 11:28:20.885942,0.76,0
177,P9D9BDB8745E3,4,1,1,2025-10-10 02:36:05.559209,2025-10-14 10:02:29.559209,4.31,0
178,P62897A48D7E7,8,5,1,2025-05-24 11:58:29.037452,2025-05-27 14:08:05.037452,3.09,0
179,P4226E5ABBB8C,3,3,2,2025-10-21 20:35:10.325405,2025-10-25 13:08:46.325405,3.69,0
180,PA2EC4C33F432,8,5,3,2025-08-31 06:14:39.992526,2025-09-28 22:19:27.992526,28.67,0
181,P0B095F93E5D4,9,1,3,2025-09-12 08:44:35.733057,2025-09-13 03:27:47.733057,0.78,0
182,PFAE2B02532BC,7,5,3,2025-05-02 20:34:16.756753,2025-05-10 12:10:16.756753,7.65,0
183,PD1983C11F5D5,7,5,3,2025-05-14 09:26:53.934540,2025-05-19 22:24:29.934540,5.54,1
184,PE37E2ADDCF44,8,4,1,2025-07-09 21:41:27.232430,2025-07-19 18:05:27.232430,9.85,0
185,P9B7FACE8EA22,2,4,1,2025-03-06 19:41:06.621672,2025-03-13 21:07:30.621672,7.06,0
186,P51DA94042F5C,5,3,3,2025-07-04 05:21:27.466403,2025-07-06 07:59:51.466403,2.11,1
187,PEF93DF6DB777,10,1,1,2025-01-25 11:39:56.678201,2025-01-29 15:59:08.678201,4.18,0
188,PD838F486A3CB,5,5,1,2025-06-17 22:00:36.679510,2025-06-21 05:27:00.679510,3.31,0
189,PE0CDB9D432DF,1,4,1,2025-09-12 13:07:03.665065,2025-09-14 03:59:51.665065,1.62,0
190,P45C5274F5764,10,3,2,2025-04-04 03:31:39.560055,2025-04-08 09:46:03.560055,4.26,0
191,PCC415500EFDD,3,3,1,2025-11-26 08:48:46.365699,2025-12-01 05:41:34.365699,4.87,0
192,P18A03A5D0CD3,2,5,1,2025-08-15 13:44:45.354588,2025-08-16 22:51:57.354588,1.38,1
193,P121D3970041B,4,2,1,2025-02-09 13:32:15.610671,2025-02-11 15:27:27.610671,2.08,0
194,PE01BE43E7F98,8,5,3,2025-11-21 16:51:42.698833,2025-12-17 16:22:54.698833,25.98,0
195,PAB98E65A2A41,8,6,1,2025-05-12 04:04:42.499657,2025-05-14 03:21:30.499657,1.97,0
196,PFABF49AA29A1,10,6,3,2025-09-22 16:49:07.137194,2025-10-03 06:29:55.137194,10.57,1
197,P3BAB16D43073,7,6,3,2025-04-23 21:58:10.981995,2025-04-27 11:24:34.981995,3.56,0
198,P5AF4C313518B,8,4,1,2025-11-09 16:04:37.009587,2025-11-17 21:21:25.009587,8.22,0
199,P6632BEDFBDA3,3,3,3,2025-09-09 09:40:53.965070,2025-09-13 12:04:53.965070,4.1,0
200,P4973187A9637,3,2,2,2025-03-08 06:52:14.121722,2025-04-24 05:11:26.121722,46.93,0
