year,lha_id,age_group,gender,population
2025,1,0-4,Female,588
2025,1,0-4,Male,588
2025,1,0-4,Other,24
2025,1,5-14,Female,882
2025,1,5-14,Male,882
2025,1,5-14,Other,36
2025,1,15-24,Female,1102
2025,1,15-24,Male,1102
2025,1,15-24,Other,45
2025,1,25-44,Female,1470
2025,1,25-44,Male,1470
2025,1,25-44,Other,60
2025,1,45-64,Female,1323
2025,1,45-64,Male,1323
2025,1,45-64,Other,54
2025,1,65-74,Female,882
2025,1,65-74,Male,882
2025,1,65-74,Other,36
2025,1,75-84,Female,588
2025,1,75-84,Male,588
2025,1,75-84,Other,24
2025,1,85+,Female,294
2025,1,85+,Male,294
2025,1,85+,Other,12
2025,2,0-4,Female,392
2025,2,0-4,Male,392
2025,2,0-4,Other,16
2025,2,5-14,Female,588
2025,2,5-14,Male,588
2025,2,5-14,Other,24
2025,2,15-24,Female,735
2025,2,15-24,Male,735
2025,2,15-24,Other,30
2025,2,25-44,Female,980
2025,2,25-44,Male,980
2025,2,25-44,Other,40
2025,2,45-64,Female,882
2025,2,45-64,Male,882
2025,2,45-64,Other,36
2025,2,65-74,Female,588
2025,2,65-74,Male,588
2025,2,65-74,Other,24
2025,2,75-84,Female,392
2025,2,75-84,Male,392
2025,2,75-84,Other,16
2025,2,85+,Female,196
2025,2,85+,Male,196
2025,2,85+,Other,8
2025,3,0-4,Female,588
2025,3,0-4,Male,588
2025,3,0-4,Other,24
2025,3,5-14,Female,882
2025,3,5-14,Male,882
2025,3,5-14,Other,36
2025,3,15-24,Female,1102
2025,3,15-24,Male,1102
2025,3,15-24,Other,45
2025,3,25-44,Female,1470
2025,3,25-44,Male,1470
2025,3,25-44,Other,60
2025,3,45-64,Female,1323
2025,3,45-64,Male,1323
2025,3,45-64,Other,54
2025,3,65-74,Female,882
2025,3,65-74,Male,882
2025,3,65-74,Other,36
2025,3,75-84,Female,588
2025,3,75-84,Male,588
2025,3,75-84,Other,24
2025,3,85+,Female,294
2025,3,85+,Male,294
2025,3,85+,Other,12
2025,4,0-4,Female,392
2025,4,0-4,Male,392
2025,4,0-4,Other,16
2025,4,5-14,Female,588
2025,4,5-14,Male,588
2025,4,5-14,Other,24
2025,4,15-24,Female,735
2025,4,15-24,Male,735
2025,4,15-24,Other,30
2025,4,25-44,Female,980
2025,4,25-44,Male,980
2025,4,25-44,Other,40
2025,4,45-64,Female,882
2025,4,45-64,Male,882
2025,4,45-64,Other,36
2025,4,65-74,Female,588
2025,4,65-74,Male,588
2025,4,65-74,Other,24
2025,4,75-84,Female,392
2025,4,75-84,Male,392
2025,4,75-84,Other,16
2025,4,85+,Female,196
2025,4,85+,Male,196
2025,4,85+,Other,8
2025,5,0-4,Female,588
2025,5,0-4,Male,588
2025,5,0-4,Other,24
2025,5,5-14,Female,882
2025,5,5-14,Male,882
2025,5,5-14,Other,36
2025,5,15-24,Female,1102
2025,5,15-24,Male,1102
2025,5,15-24,Other,45
2025,5,25-44,Female,1470
2025,5,25-44,Male,1470
2025,5,25-44,Other,60
2025,5,45-64,Female,1323
2025,5,45-64,Male,1323
2025,5,45-64,Other,54
2025,5,65-74,Female,882
2025,5,65-74,Male,882
2025,5,65-74,Other,36
2025,5,75-84,Female,588
2025,5,75-84,Male,588
2025,5,75-84,Other,24
2025,5,85+,Female,294
2025,5,85+,Male,294
2025,5,85+,Other,12
2025,6,0-4,Female,392
2025,6,0-4,Male,392
2025,6,0-4,Other,16
2025,6,5-14,Female,588
2025,6,5-14,Male,588
2025,6,5-14,Other,24
2025,6,15-24,Female,735
2025,6,15-24,Male,735
2025,6,15-24,Other,30
2025,6,25-44,Female,980
2025,6,25-44,Male,980
2025,6,25-44,Other,40
2025,6,45-64,Female,882
2025,6,45-64,Male,882
2025,6,45-64,Other,36
2025,6,65-74,Female,588
2025,6,65-74,Male,588
2025,6,65-74,Other,24
2025,6,75-84,Female,392
2025,6,75-84,Male,392
2025,6,75-84,Other,16
2025,6,85+,Female,196
2025,6,85+,Male,196
2025,6,85+,Other,8
2025,7,0-4,Female,392
2025,7,0-4,Male,392
2025,7,0-4,Other,16
2025,7,5-14,Female,588
2025,7,5-14,Male,588
2025,7,5-14,Other,24
2025,7,15-24,Female,735
2025,7,15-24,Male,735
2025,7,15-24,Other,30
2025,7,25-44,Female,980
2025,7,25-44,Male,980
2025,7,25-44,Other,40
2025,7,45-64,Female,882
2025,7,45-64,Male,882
2025,7,45-64,Other,36
2025,7,65-74,Female,588
2025,7,65-74,Male,588
2025,7,65-74,Other,24
2025,7,75-84,Female,392
2025,7,75-84,Male,392
2025,7,75-84,Other,16
2025,7,85+,Female,196
2025,7,85+,Male,196
2025,7,85+,Other,8
2025,8,0-4,Female,392
2025,8,0-4,Male,392
2025,8,0-4,Other,16
2025,8,5-14,Female,588
2025,8,5-14,Male,588
2025,8,5-14,Other,24
2025,8,15-24,Female,735
2025,8,15-24,Male,735
2025,8,15-24,Other,30
2025,8,25-44,Female,980
2025,8,25-44,Male,980
2025,8,25-44,Other,40
2025,8,45-64,Female,882
2025,8,45-64,Male,882
2025,8,45-64,Other,36
2025,8,65-74,Female,588
2025,8,65-74,Male,588
2025,8,65-74,Other,24
2025,8,75-84,Female,392
2025,8,75-84,Male,392
2025,8,75-84,Other,16
2025,8,85+,Female,196
2025,8,85+,Male,196
2025,8,85+,Other,8
2025,9,0-4,Female,392
2025,9,0-4,Male,392
2025,9,0-4,Other,16
2025,9,5-14,Female,588
2025,9,5-14,Male,588
2025,9,5-14,Other,24
2025,9,15-24,Female,735
2025,9,15-24,Male,735
2025,9,15-24,Other,30
2025,9,25-44,Female,980
2025,9,25-44,Male,980
2025,9,25-44,Other,40
2025,9,45-64,Female,882
2025,9,45-64,Male,882
2025,9,45-64,Other,36
2025,9,65-74,Female,588
2025,9,65-74,Male,588
2025,9,65-74,Other,24
2025,9,75-84,Female,392
2025,9,75-84,Male,392
2025,9,75-84,Other,16
2025,9,85+,Female,196
2025,9,85+,Male,196
2025,9,85+,Other,8
2025,10,0-4,Female,392
2025,10,0-4,Male,392
2025,10,0-4,Other,16
2025,10,5-14,Female,588
2025,10,5-14,Male,588
2025,10,5-14,Other,24
2025,10,15-24,Female,735
2025,10,15-24,Male,735
2025,10,15-24,Other,30
2025,10,25-44,Female,980
2025,10,25-44,Male,980
2025,10,25-44,Other,40
2025,10,45-64,Female,882
2025,10,45-64,Male,882
2025,10,45-64,Other,36
2025,10,65-74,Female,588
2025,10,65-74,Male,588
2025,10,65-74,Other,24
2025,10,75-84,Female,392
2025,10,75-84,Male,392
2025,10,75-84,Other,16
2025,10,85+,Female,196
2025,10,85+,Male,196
2025,10,85+,Other,8
2025,11,0-4,Female,392
2025,11,0-4,Male,392
2025,11,0-4,Other,16
2025,11,5-14,Female,588
2025,11,5-14,Male,588
2025,11,5-14,Other,24
2025,11,15-24,Female,735
2025,11,15-24,Male,735
2025,11,15-24,Other,30
2025,11,25-44,Female,980
2025,11,25-44,Male,980
2025,11,25-44,Other,40
2025,11,45-64,Female,882
2025,11,45-64,Male,882
2025,11,45-64,Other,36
2025,11,65-74,Female,588
2025,11,65-74,Male,588
2025,11,65-74,Other,24
2025,11,75-84,Female,392
2025,11,75-84,Male,392
2025,11,75-84,Other,16
2025,11,85+,Female,196
2025,11,85+,Male,196
2025,11,85+,Other,8
2025,12,0-4,Female,392
2025,12,0-4,Male,392
2025,12,0-4,Other,16
2025,12,5-14,Female,588
2025,12,5-14,Male,588
2025,12,5-14,Other,24
2025,12,15-24,Female,735
2025,12,15-24,Male,735
2025,12,15-24,Other,30
2025,12,25-44,Female,980
2025,12,25-44,Male,980
2025,12,25-44,Other,40
2025,12,45-64,Female,882
2025,12,45-64,Male,882
2025,12,45-64,Other,36
2025,12,65-74,Female,588
2025,12,65-74,Male,588
2025,12,65-74,Other,24
2025,12,75-84,Female,392
2025,12,75-84,Male,392
2025,12,75-84,Other,16
2025,12,85+,Female,196
2025,12,85+,Male,196
2025,12,85+,Other,8
2026,1,0-4,Female,593
2026,1,0-4,Male,593
2026,1,0-4,Other,24
2026,1,5-14,Female,890
2026,1,5-14,Male,890
2026,1,5-14,Other,36
2026,1,15-24,Female,1113
2026,1,15-24,Male,1113
2026,1,15-24,Other,45
2026,1,25-44,Female,1484
2026,1,25-44,Male,1484
2026,1,25-44,Other,60
2026,1,45-64,Female,1336
2026,1,45-64,Male,1336
2026,1,45-64,Other,54
2026,1,65-74,Female,890
2026,1,65-74,Male,890
2026,1,65-74,Other,36
2026,1,75-84,Female,593
2026,1,75-84,Male,593
2026,1,75-84,Other,24
2026,1,85+,Female,296
2026,1,85+,Male,296
2026,1,85+,Other,12
2026,2,0-4,Female,395
2026,2,0-4,Male,395
2026,2,0-4,Other,16
2026,2,5-14,Female,593
2026,2,5-14,Male,593
2026,2,5-14,Other,24
2026,2,15-24,Female,742
2026,2,15-24,Male,742
2026,2,15-24,Other,30
2026,2,25-44,Female,989
2026,2,25-44,Male,989
2026,2,25-44,Other,40
2026,2,45-64,Female,890
2026,2,45-64,Male,890
2026,2,45-64,Other,36
2026,2,65-74,Female,593
2026,2,65-74,Male,593
2026,2,65-74,Other,24
2026,2,75-84,Female,395
2026,2,75-84,Male,395
2026,2,75-84,Other,16
2026,2,85+,Female,197
2026,2,85+,Male,197
2026,2,85+,Other,8
2026,3,0-4,Female,593
2026,3,0-4,Male,593
2026,3,0-4,Other,24
2026,3,5-14,Female,890
2026,3,5-14,Male,890
2026,3,5-14,Other,36
2026,3,15-24,Female,1113
2026,3,15-24,Male,1113
2026,3,15-24,Other,45
2026,3,25-44,Female,1484
2026,3,25-44,Male,1484
2026,3,25-44,Other,60
2026,3,45-64,Female,1336
2026,3,45-64,Male,1336
2026,3,45-64,Other,54
2026,3,65-74,Female,890
2026,3,65-74,Male,890
2026,3,65-74,Other,36
2026,3,75-84,Female,593
2026,3,75-84,Male,593
2026,3,75-84,Other,24
2026,3,85+,Female,296
2026,3,85+,Male,296
2026,3,85+,Other,12
2026,4,0-4,Female,395
2026,4,0-4,Male,395
2026,4,0-4,Other,16
2026,4,5-14,Female,593
2026,4,5-14,Male,593
2026,4,5-14,Other,24
2026,4,15-24,Female,742
2026,4,15-24,Male,742
2026,4,15-24,Other,30
2026,4,25-44,Female,989
2026,4,25-44,Male,989
2026,4,25-44,Other,40
2026,4,45-64,Female,890
2026,4,45-64,Male,890
2026,4,45-64,Other,36
2026,4,65-74,Female,593
2026,4,65-74,Male,593
2026,4,65-74,Other,24
2026,4,75-84,Female,395
2026,4,75-84,Male,395
2026,4,75-84,Other,16
2026,4,85+,Female,197
2026,4,85+,Male,197
2026,4,85+,Other,8
2026,5,0-4,Female,593
2026,5,0-4,Male,593
2026,5,0-4,Other,24
2026,5,5-14,Female,890
2026,5,5-14,Male,890
2026,5,5-14,Other,36
2026,5,15-24,Female,1113
2026,5,15-24,Male,1113
2026,5,15-24,Other,45
2026,5,25-44,Female,1484
2026,5,25-44,Male,1484
2026,5,25-44,Other,60
2026,5,45-64,Female,1336
2026,5,45-64,Male,1336
2026,5,45-64,Other,54
2026,5,65-74,Female,890
2026,5,65-74,Male,890
2026,5,65-74,Other,36
2026,5,75-84,Female,593
2026,5,75-84,Male,593
2026,5,75-84,Other,24
2026,5,85+,Female,296
2026,5,85+,Male,296
2026,5,85+,Other,12
2026,6,0-4,Female,395
2026,6,0-4,Male,395
2026,6,0-4,Other,16
2026,6,5-14,Female,593
2026,6,5-14,Male,593
2026,6,5-14,Other,24
2026,6,15-24,Female,742
2026,6,15-24,Male,742
2026,6,15-24,Other,30
2026,6,25-44,Female,989
2026,6,25-44,Male,989
2026,6,25-44,Other,40
2026,6,45-64,Female,890
2026,6,45-64,Male,890
2026,6,45-64,Other,36
2026,6,65-74,Female,593
2026,6,65-74,Male,593
2026,6,65-74,Other,24
2026,6,75-84,Female,395
2026,6,75-84,Male,395
2026,6,75-84,Other,16
2026,6,85+,Female,197
2026,6,85+,Male,197
2026,6,85+,Other,8
2026,7,0-4,Female,395
2026,7,0-4,Male,395
2026,7,0-4,Other,16
2026,7,5-14,Female,593
2026,7,5-14,Male,593
2026,7,5-14,Other,24
2026,7,15-24,Female,742
2026,7,15-24,Male,742
2026,7,15-24,Other,30
2026,7,25-44,Female,989
2026,7,25-44,Male,989
2026,7,25-44,Other,40
2026,7,45-64,Female,890
2026,7,45-64,Male,890
2026,7,45-64,Other,36
2026,7,65-74,Female,593
2026,7,65-74,Male,593
2026,7,65-74,Other,24
2026,7,75-84,Female,395
2026,7,75-84,Male,395
2026,7,75-84,Other,16
2026,7,85+,Female,197
2026,7,85+,Male,197
2026,7,85+,Other,8
2026,8,0-4,Female,395
2026,8,0-4,Male,395
2026,8,0-4,Other,16
2026,8,5-14,Female,593
2026,8,5-14,Male,593
2026,8,5-14,Other,24
2026,8,15-24,Female,742
2026,8,15-24,Male,742
2026,8,15-24,Other,30
2026,8,25-44,Female,989
2026,8,25-44,Male,989
2026,8,25-44,Other,40
2026,8,45-64,Female,890
2026,8,45-64,Male,890
2026,8,45-64,Other,36
2026,8,65-74,Female,593
2026,8,65-74,Male,593
2026,8,65-74,Other,24
2026,8,75-84,Female,395
2026,8,75-84,Male,395
2026,8,75-84,Other,16
2026,8,85+,Female,197
2026,8,85+,Male,197
2026,8,85+,Other,8
2026,9,0-4,Female,395
2026,9,0-4,Male,395
2026,9,0-4,Other,16
2026,9,5-14,Female,593
2026,9,5-14,Male,593
2026,9,5-14,Other,24
2026,9,15-24,Female,742
2026,9,15-24,Male,742
2026,9,15-24,Other,30
2026,9,25-44,Female,989
2026,9,25-44,Male,989
2026,9,25-44,Other,40
2026,9,45-64,Female,890
2026,9,45-64,Male,890
2026,9,45-64,Other,36
2026,9,65-74,Female,593
2026,9,65-74,Male,593
2026,9,65-74,Other,24
2026,9,75-84,Female,395
2026,9,75-84,Male,395
2026,9,75-84,Other,16
2026,9,85+,Female,197
2026,9,85+,Male,197
2026,9,85+,Other,8
2026,10,0-4,Female,395
2026,10,0-4,Male,395
2026,10,0-4,Other,16
2026,10,5-14,Female,593
2026,10,5-14,Male,593
2026,10,5-14,Other,24
2026,10,15-24,Female,742
2026,10,15-24,Male,742
2026,10,15-24,Other,30
2026,10,25-44,Female,989
2026,10,25-44,Male,989
2026,10,25-44,Other,40
2026,10,45-64,Female,890
2026,10,45-64,Male,890
2026,10,45-64,Other,36
2026,10,65-74,Female,593
2026,10,65-74,Male,593
2026,10,65-74,Other,24
2026,10,75-84,Female,395
2026,10,75-84,Male,395
2026,10,75-84,Other,16
2026,10,85+,Female,197
2026,10,85+,Male,197
2026,10,85+,Other,8
2026,11,0-4,Female,395
2026,11,0-4,Male,395
2026,11,0-4,Other,16
2026,11,5-14,Female,593
2026,11,5-14,Male,593
2026,11,5-14,Other,24
2026,11,15-24,Female,742
2026,11,15-24,Male,742
2026,11,15-24,Other,30
2026,11,25-44,Female,989
2026,11,25-44,Male,989
2026,11,25-44,Other,40
2026,11,45-64,Female,890
2026,11,45-64,Male,890
2026,11,45-64,Other,36
2026,11,65-74,Female,593
2026,11,65-74,Male,593
2026,11,65-74,Other,24
2026,11,75-84,Female,395
2026,11,75-84,Male,395
2026,11,75-84,Other,16
2026,11,85+,Female,197
2026,11,85+,Male,197
2026,11,85+,Other,8
2026,12,0-4,Female,395
2026,12,0-4,Male,395
2026,12,0-4,Other,16
2026,12,5-14,Female,593
2026,12,5-14,Male,593
2026,12,5-14,Other,24
2026,12,15-24,Female,742
2026,12,15-24,Male,742
2026,12,15-24,Other,30
2026,12,25-44,Female,989
2026,12,25-44,Male,989
2026,12,25-44,Other,40
2026,12,45-64,Female,890
2026,12,45-64,Male,890
2026,12,45-64,Other,36
2026,12,65-74,Female,593
2026,12,65-74,Male,593
2026,12,65-74,Other,24
2026,12,75-84,Female,395
2026,12,75-84,Male,395
2026,12,75-84,Other,16
2026,12,85+,Female,197
2026,12,85+,Male,197
2026,12,85+,Other,8
2027,1,0-4,Female,599
2027,1,0-4,Male,599
2027,1,0-4,Other,24
2027,1,5-14,Female,899
2027,1,5-14,Male,899
2027,1,5-14,Other,36
2027,1,15-24,Female,1124
2027,1,15-24,Male,1124
2027,1,15-24,Other,45
2027,1,25-44,Female,1499
2027,1,25-44,Male,1499
2027,1,25-44,Other,61
2027,1,45-64,Female,1349
2027,1,45-64,Male,1349
2027,1,45-64,Other,55
2027,1,65-74,Female,899
2027,1,65-74,Male,899
2027,1,65-74,Other,36
2027,1,75-84,Female,599
2027,1,75-84,Male,599
2027,1,75-84,Other,24
2027,1,85+,Female,299
2027,1,85+,Male,299
2027,1,85+,Other,12
2027,2,0-4,Female,399
2027,2,0-4,Male,399
2027,2,0-4,Other,16
2027,2,5-14,Female,599
2027,2,5-14,Male,599
2027,2,5-14,Other,24
2027,2,15-24,Female,749
2027,2,15-24,Male,749
2027,2,15-24,Other,30
2027,2,25-44,Female,999
2027,2,25-44,Male,999
2027,2,25-44,Other,40
2027,2,45-64,Female,899
2027,2,45-64,Male,899
2027,2,45-64,Other,36
2027,2,65-74,Female,599
2027,2,65-74,Male,599
2027,2,65-74,Other,24
2027,2,75-84,Female,399
2027,2,75-84,Male,399
2027,2,75-84,Other,16
2027,2,85+,Female,199
2027,2,85+,Male,199
2027,2,85+,Other,8
2027,3,0-4,Female,599
2027,3,0-4,Male,599
2027,3,0-4,Other,24
2027,3,5-14,Female,899
2027,3,5-14,Male,899
2027,3,5-14,Other,36
2027,3,15-24,Female,1124
2027,3,15-24,Male,1124
2027,3,15-24,Other,45
2027,3,25-44,Female,1499
2027,3,25-44,Male,1499
2027,3,25-44,Other,61
2027,3,45-64,Female,1349
2027,3,45-64,Male,1349
2027,3,45-64,Other,55
2027,3,65-74,Female,899
2027,3,65-74,Male,899
2027,3,65-74,Other,36
2027,3,75-84,Female,599
2027,3,75-84,Male,599
2027,3,75-84,Other,24
2027,3,85+,Female,299
2027,3,85+,Male,299
2027,3,85+,Other,12
2027,4,0-4,Female,399
2027,4,0-4,Male,399
2027,4,0-4,Other,16
2027,4,5-14,Female,599
2027,4,5-14,Male,599
2027,4,5-14,Other,24
2027,4,15-24,Female,749
2027,4,15-24,Male,749
2027,4,15-24,Other,30
2027,4,25-44,Female,999
2027,4,25-44,Male,999
2027,4,25-44,Other,40
2027,4,45-64,Female,899
2027,4,45-64,Male,899
2027,4,45-64,Other,36
2027,4,65-74,Female,599
2027,4,65-74,Male,599
2027,4,65-74,Other,24
2027,4,75-84,Female,399
2027,4,75-84,Male,399
2027,4,75-84,Other,16
2027,4,85+,Female,199
2027,4,85+,Male,199
2027,4,85+,Other,8
2027,5,0-4,Female,599
2027,5,0-4,Male,599
2027,5,0-4,Other,24
2027,5,5-14,Female,899
2027,5,5-14,Male,899
2027,5,5-14,Other,36
2027,5,15-24,Female,1124
2027,5,15-24,Male,1124
2027,5,15-24,Other,45
2027,5,25-44,Female,1499
2027,5,25-44,Male,1499
2027,5,25-44,Other,61
2027,5,45-64,Female,1349
2027,5,45-64,Male,1349
2027,5,45-64,Other,55
2027,5,65-74,Female,899
2027,5,65-74,Male,899
2027,5,65-74,Other,36
2027,5,75-84,Female,599
2027,5,75-84,Male,599
2027,5,75-84,Other,24
2027,5,85+,Female,299
2027,5,85+,Male,299
2027,5,85+,Other,12
2027,6,0-4,Female,399
2027,6,0-4,Male,399
2027,6,0-4,Other,16
2027,6,5-14,Female,599
2027,6,5-14,Male,599
2027,6,5-14,Other,24
2027,6,15-24,Female,749
2027,6,15-24,Male,749
2027,6,15-24,Other,30
2027,6,25-44,Female,999
2027,6,25-44,Male,999
2027,6,25-44,Other,40
2027,6,45-64,Female,899
2027,6,45-64,Male,899
2027,6,45-64,Other,36
2027,6,65-74,Female,599
2027,6,65-74,Male,599
2027,6,65-74,Other,24
2027,6,75-84,Female,399
2027,6,75-84,Male,399
2027,6,75-84,Other,16
2027,6,85+,Female,199
2027,6,85+,Male,199
2027,6,85+,Other,8
2027,7,0-4,Female,399
2027,7,0-4,Male,399
2027,7,0-4,Other,16
2027,7,5-14,Female,599
2027,7,5-14,Male,599
2027,7,5-14,Other,24
2027,7,15-24,Female,749
2027,7,15-24,Male,749
2027,7,15-24,Other,30
2027,7,25-44,Female,999
2027,7,25-44,Male,999
2027,7,25-44,Other,40
2027,7,45-64,Female,899
2027,7,45-64,Male,899
2027,7,45-64,Other,36
2027,7,65-74,Female,599
2027,7,65-74,Male,599
2027,7,65-74,Other,24
2027,7,75-84,Female,399
2027,7,75-84,Male,399
2027,7,75-84,Other,16
2027,7,85+,Female,199
2027,7,85+,Male,199
2027,7,85+,Other,8
2027,8,0-4,Female,399
2027,8,0-4,Male,399
2027,8,0-4,Other,16
2027,8,5-14,Female,599
2027,8,5-14,Male,599
2027,8,5-14,Other,24
2027,8,15-24,Female,749
2027,8,15-24,Male,749
2027,8,15-24,Other,30
2027,8,25-44,Female,999
2027,8,25-44,Male,999
2027,8,25-44,Other,40
2027,8,45-64,Female,899
2027,8,45-64,Male,899
2027,8,45-64,Other,36
2027,8,65-74,Female,599
2027,8,65-74,Male,599
2027,8,65-74,Other,24
2027,8,75-84,Female,399
2027,8,75-84,Male,399
2027,8,75-84,Other,16
2027,8,85+,Female,199
2027,8,85+,Male,199
2027,8,85+,Other,8
2027,9,0-4,Female,399
2027,9,0-4,Male,399
2027,9,0-4,Other,16
2027,9,5-14,Female,599
2027,9,5-14,Male,599
2027,9,5-14,Other,24
2027,9,15-24,Female,749
2027,9,15-24,Male,749
2027,9,15-24,Other,30
2027,9,25-44,Female,999
2027,9,25-44,Male,999
2027,9,25-44,Other,40
2027,9,45-64,Female,899
2027,9,45-64,Male,899
2027,9,45-64,Other,36
2027,9,65-74,Female,599
2027,9,65-74,Male,599
2027,9,65-74,Other,24
2027,9,75-84,Female,399
2027,9,75-84,Male,399
2027,9,75-84,Other,16
2027,9,85+,Female,199
2027,9,85+,Male,199
2027,9,85+,Other,8
2027,10,0-4,Female,399
2027,10,0-4,Male,399
2027,10,0-4,Other,16
2027,10,5-14,Female,599
2027,10,5-14,Male,599
2027,10,5-14,Other,24
2027,10,15-24,Female,749
2027,10,15-24,Male,749
2027,10,15-24,Other,30
2027,10,25-44,Female,999
2027,10,25-44,Male,999
2027,10,25-44,Other,40
2027,10,45-64,Female,899
2027,10,45-64,Male,899
2027,10,45-64,Other,36
2027,10,65-74,Female,599
2027,10,65-74,Male,599
2027,10,65-74,Other,24
2027,10,75-84,Female,399
2027,10,75-84,Male,399
2027,10,75-84,Other,16
2027,10,85+,Female,199
2027,10,85+,Male,199
2027,10,85+,Other,8
2027,11,0-4,Female,399
2027,11,0-4,Male,399
2027,11,0-4,Other,16
2027,11,5-14,Female,599
2027,11,5-14,Male,599
2027,11,5-14,Other,24
2027,11,15-24,Female,749
2027,11,15-24,Male,749
2027,11,15-24,Other,30
2027,11,25-44,Female,999
2027,11,25-44,Male,999
2027,11,25-44,Other,40
2027,11,45-64,Female,899
2027,11,45-64,Male,899
2027,11,45-64,Other,36
2027,11,65-74,Female,599
2027,11,65-74,Male,599
2027,11,65-74,Other,24
2027,11,75-84,Female,399
2027,11,75-84,Male,399
2027,11,75-84,Other,16
2027,11,85+,Female,199
2027,11,85+,Male,199
2027,11,85+,Other,8
2027,12,0-4,Female,399
2027,12,0-4,Male,399
2027,12,0-4,Other,16
2027,12,5-14,Female,599
2027,12,5-14,Male,599
2027,12,5-14,Other,24
2027,12,15-24,Female,749
2027,12,15-24,Male,749
2027,12,15-24,Other,30
2027,12,25-44,Female,999
2027,12,25-44,Male,999
2027,12,25-44,Other,40
2027,12,45-64,Female,899
2027,12,45-64,Male,899
2027,12,45-64,Other,36
2027,12,65-74,Female,599
2027,12,65-74,Male,599
2027,12,65-74,Other,24
2027,12,75-84,Female,399
2027,12,75-84,Male,399
2027,12,75-84,Other,16
2027,12,85+,Female,199
2027,12,85+,Male,199
2027,12,85+,Other,8
2028,1,0-4,Female,605
2028,1,0-4,Male,605
2028,1,0-4,Other,24
2028,1,5-14,Female,908
2028,1,5-14,Male,908
2028,1,5-14,Other,37
2028,1,15-24,Female,1135
2028,1,15-24,Male,1135
2028,1,15-24,Other,46
2028,1,25-44,Female,1514
2028,1,25-44,Male,1514
2028,1,25-44,Other,61
2028,1,45-64,Female,1362
2028,1,45-64,Male,1362
2028,1,45-64,Other,55
2028,1,65-74,Female,908
2028,1,65-74,Male,908
2028,1,65-74,Other,37
2028,1,75-84,Female,605
2028,1,75-84,Male,605
2028,1,75-84,Other,24
2028,1,85+,Female,302
2028,1,85+,Male,302
2028,1,85+,Other,12
2028,2,0-4,Female,403
2028,2,0-4,Male,403
2028,2,0-4,Other,16
2028,2,5-14,Female,605
2028,2,5-14,Male,605
2028,2,5-14,Other,24
2028,2,15-24,Female,757
2028,2,15-24,Male,757
2028,2,15-24,Other,30
2028,2,25-44,Female,1009
2028,2,25-44,Male,1009
2028,2,25-44,Other,41
2028,2,45-64,Female,908
2028,2,45-64,Male,908
2028,2,45-64,Other,37
2028,2,65-74,Female,605
2028,2,65-74,Male,605
2028,2,65-74,Other,24
2028,2,75-84,Female,403
2028,2,75-84,Male,403
2028,2,75-84,Other,16
2028,2,85+,Female,201
2028,2,85+,Male,201
2028,2,85+,Other,8
2028,3,0-4,Female,605
2028,3,0-4,Male,605
2028,3,0-4,Other,24
2028,3,5-14,Female,908
2028,3,5-14,Male,908
2028,3,5-14,Other,37
2028,3,15-24,Female,1135
2028,3,15-24,Male,1135
2028,3,15-24,Other,46
2028,3,25-44,Female,1514
2028,3,25-44,Male,1514
2028,3,25-44,Other,61
2028,3,45-64,Female,1362
2028,3,45-64,Male,1362
2028,3,45-64,Other,55
2028,3,65-74,Female,908
2028,3,65-74,Male,908
2028,3,65-74,Other,37
2028,3,75-84,Female,605
2028,3,75-84,Male,605
2028,3,75-84,Other,24
2028,3,85+,Female,302
2028,3,85+,Male,302
2028,3,85+,Other,12
2028,4,0-4,Female,403
2028,4,0-4,Male,403
2028,4,0-4,Other,16
2028,4,5-14,Female,605
2028,4,5-14,Male,605
2028,4,5-14,Other,24
2028,4,15-24,Female,757
2028,4,15-24,Male,757
2028,4,15-24,Other,30
2028,4,25-44,Female,1009
2028,4,25-44,Male,1009
2028,4,25-44,Other,41
2028,4,45-64,Female,908
2028,4,45-64,Male,908
2028,4,45-64,Other,37
2028,4,65-74,Female,605
2028,4,65-74,Male,605
2028,4,65-74,Other,24
2028,4,75-84,Female,403
2028,4,75-84,Male,403
2028,4,75-84,Other,16
2028,4,85+,Female,201
2028,4,85+,Male,201
2028,4,85+,Other,8
2028,5,0-4,Female,605
2028,5,0-4,Male,605
2028,5,0-4,Other,24
2028,5,5-14,Female,908
2028,5,5-14,Male,908
2028,5,5-14,Other,37
2028,5,15-24,Female,1135
2028,5,15-24,Male,1135
2028,5,15-24,Other,46
2028,5,25-44,Female,1514
2028,5,25-44,Male,1514
2028,5,25-44,Other,61
2028,5,45-64,Female,1362
2028,5,45-64,Male,1362
2028,5,45-64,Other,55
2028,5,65-74,Female,908
2028,5,65-74,Male,908
2028,5,65-74,Other,37
2028,5,75-84,Female,605
2028,5,75-84,Male,605
2028,5,75-84,Other,24
2028,5,85+,Female,302
2028,5,85+,Male,302
2028,5,85+,Other,12
2028,6,0-4,Female,403
2028,6,0-4,Male,403
2028,6,0-4,Other,16
2028,6,5-14,Female,605
2028,6,5-14,Male,605
2028,6,5-14,Other,24
2028,6,15-24,Female,757
2028,6,15-24,Male,757
2028,6,15-24,Other,30
2028,6,25-44,Female,1009
2028,6,25-44,Male,1009
2028,6,25-44,Other,41
2028,6,45-64,Female,908
2028,6,45-64,Male,908
2028,6,45-64,Other,37
2028,6,65-74,Female,605
2028,6,65-74,Male,605
2028,6,65-74,Other,24
2028,6,75-84,Female,403
2028,6,75-84,Male,403
2028,6,75-84,Other,16
2028,6,85+,Female,201
2028,6,85+,Male,201
2028,6,85+,Other,8
2028,7,0-4,Female,403
2028,7,0-4,Male,403
2028,7,0-4,Other,16
2028,7,5-14,Female,605
2028,7,5-14,Male,605
2028,7,5-14,Other,24
2028,7,15-24,Female,757
2028,7,15-24,Male,757
2028,7,15-24,Other,30
2028,7,25-44,Female,1009
2028,7,25-44,Male,1009
2028,7,25-44,Other,41
2028,7,45-64,Female,908
2028,7,45-64,Male,908
2028,7,45-64,Other,37
2028,7,65-74,Female,605
2028,7,65-74,Male,605
2028,7,65-74,Other,24
2028,7,75-84,Female,403
2028,7,75-84,Male,403
2028,7,75-84,Other,16
2028,7,85+,Female,201
2028,7,85+,Male,201
2028,7,85+,Other,8
2028,8,0-4,Female,403
2028,8,0-4,Male,403
2028,8,0-4,Other,16
2028,8,5-14,Female,605
2028,8,5-14,Male,605
2028,8,5-14,Other,24
2028,8,15-24,Female,757
2028,8,15-24,Male,757
2028,8,15-24,Other,30
2028,8,25-44,Female,1009
2028,8,25-44,Male,1009
2028,8,25-44,Other,41
2028,8,45-64,Female,908
2028,8,45-64,Male,908
2028,8,45-64,Other,37
2028,8,65-74,Female,605
2028,8,65-74,Male,605
2028,8,65-74,Other,24
2028,8,75-84,Female,403
2028,8,75-84,Male,403
2028,8,75-84,Other,16
2028,8,85+,Female,201
2028,8,85+,Male,201
2028,8,85+,Other,8
2028,9,0-4,Female,403
2028,9,0-4,Male,403
2028,9,0-4,Other,16
2028,9,5-14,Female,605
2028,9,5-14,Male,605
2028,9,5-14,Other,24
2028,9,15-24,Female,757
2028,9,15-24,Male,757
2028,9,15-24,Other,30
2028,9,25-44,Female,1009
2028,9,25-44,Male,1009
2028,9,25-44,Other,41
2028,9,45-64,Female,908
2028,9,45-64,Male,908
2028,9,45-64,Other,37
2028,9,65-74,Female,605
2028,9,65-74,Male,605
2028,9,65-74,Other,24
2028,9,75-84,Female,403
2028,9,75-84,Male,403
2028,9,75-84,Other,16
2028,9,85+,Female,201
2028,9,85+,Male,201
2028,9,85+,Other,8
2028,10,0-4,Female,403
2028,10,0-4,Male,403
2028,10,0-4,Other,16
2028,10,5-14,Female,605
2028,10,5-14,Male,605
2028,10,5-14,Other,24
2028,10,15-24,Female,757
2028,10,15-24,Male,757
2028,10,15-24,Other,30
2028,10,25-44,Female,1009
2028,10,25-44,Male,1009
2028,10,25-44,Other,41
2028,10,45-64,Female,908
2028,10,45-64,Male,908
2028,10,45-64,Other,37
2028,10,65-74,Female,605
2028,10,65-74,Male,605
2028,10,65-74,Other,24
2028,10,75-84,Female,403
2028,10,75-84,Male,403
2028,10,75-84,Other,16
2028,10,85+,Female,201
2028,10,85+,Male,201
2028,10,85+,Other,8
2028,11,0-4,Female,403
2028,11,0-4,Male,403
2028,11,0-4,Other,16
2028,11,5-14,Female,605
2028,11,5-14,Male,605
2028,11,5-14,Other,24
2028,11,15-24,Female,757
2028,11,15-24,Male,757
2028,11,15-24,Other,30
2028,11,25-44,Female,1009
2028,11,25-44,Male,1009
2028,11,25-44,Other,41
2028,11,45-64,Female,908
2028,11,45-64,Male,908
2028,11,45-64,Other,37
2028,11,65-74,Female,605
2028,11,65-74,Male,605
2028,11,65-74,Other,24
2028,11,75-84,Female,403
2028,11,75-84,Male,403
2028,11,75-84,Other,16
2028,11,85+,Female,201
2028,11,85+,Male,201
2028,11,85+,Other,8
2028,12,0-4,Female,403
2028,12,0-4,Male,403
2028,12,0-4,Other,16
2028,12,5-14,Female,605
2028,12,5-14,Male,605
2028,12,5-14,Other,24
2028,12,15-24,Female,757
2028,12,15-24,Male,757
2028,12,15-24,Other,30
2028,12,25-44,Female,1009
2028,12,25-44,Male,1009
2028,12,25-44,Other,41
2028,12,45-64,Female,908
2028,12,45-64,Male,908
2028,12,45-64,Other,37
2028,12,65-74,Female,605
2028,12,65-74,Male,605
2028,12,65-74,Other,24
2028,12,75-84,Female,403
2028,12,75-84,Male,403
2028,12,75-84,Other,16
2028,12,85+,Female,201
2028,12,85+,Male,201
2028,12,85+,Other,8
2029,1,0-4,Female,611
2029,1,0-4,Male,611
2029,1,0-4,Other,24
2029,1,5-14,Female,917
2029,1,5-14,Male,917
2029,1,5-14,Other,37
2029,1,15-24,Female,1146
2029,1,15-24,Male,1146
2029,1,15-24,Other,46
2029,1,25-44,Female,1528
2029,1,25-44,Male,1528
2029,1,25-44,Other,62
2029,1,45-64,Female,1375
2029,1,45-64,Male,1375
2029,1,45-64,Other,56
2029,1,65-74,Female,917
2029,1,65-74,Male,917
2029,1,65-74,Other,37
2029,1,75-84,Female,611
2029,1,75-84,Male,611
2029,1,75-84,Other,24
2029,1,85+,Female,305
2029,1,85+,Male,305
2029,1,85+,Other,12
2029,2,0-4,Female,407
2029,2,0-4,Male,407
2029,2,0-4,Other,16
2029,2,5-14,Female,611
2029,2,5-14,Male,611
2029,2,5-14,Other,24
2029,2,15-24,Female,764
2029,2,15-24,Male,764
2029,2,15-24,Other,31
2029,2,25-44,Female,1019
2029,2,25-44,Male,1019
2029,2,25-44,Other,41
2029,2,45-64,Female,917
2029,2,45-64,Male,917
2029,2,45-64,Other,37
2029,2,65-74,Female,611
2029,2,65-74,Male,611
2029,2,65-74,Other,24
2029,2,75-84,Female,407
2029,2,75-84,Male,407
2029,2,75-84,Other,16
2029,2,85+,Female,203
2029,2,85+,Male,203
2029,2,85+,Other,8
2029,3,0-4,Female,611
2029,3,0-4,Male,611
2029,3,0-4,Other,24
2029,3,5-14,Female,917
2029,3,5-14,Male,917
2029,3,5-14,Other,37
2029,3,15-24,Female,1146
2029,3,15-24,Male,1146
2029,3,15-24,Other,46
2029,3,25-44,Female,1528
2029,3,25-44,Male,1528
2029,3,25-44,Other,62
2029,3,45-64,Female,1375
2029,3,45-64,Male,1375
2029,3,45-64,Other,56
2029,3,65-74,Female,917
2029,3,65-74,Male,917
2029,3,65-74,Other,37
2029,3,75-84,Female,611
2029,3,75-84,Male,611
2029,3,75-84,Other,24
2029,3,85+,Female,305
2029,3,85+,Male,305
2029,3,85+,Other,12
2029,4,0-4,Female,407
2029,4,0-4,Male,407
2029,4,0-4,Other,16
2029,4,5-14,Female,611
2029,4,5-14,Male,611
2029,4,5-14,Other,24
2029,4,15-24,Female,764
2029,4,15-24,Male,764
2029,4,15-24,Other,31
2029,4,25-44,Female,1019
2029,4,25-44,Male,1019
2029,4,25-44,Other,41
2029,4,45-64,Female,917
2029,4,45-64,Male,917
2029,4,45-64,Other,37
2029,4,65-74,Female,611
2029,4,65-74,Male,611
2029,4,65-74,Other,24
2029,4,75-84,Female,407
2029,4,75-84,Male,407
2029,4,75-84,Other,16
2029,4,85+,Female,203
2029,4,85+,Male,203
2029,4,85+,Other,8
2029,5,0-4,Female,611
2029,5,0-4,Male,611
2029,5,0-4,Other,24
2029,5,5-14,Female,917
2029,5,5-14,Male,917
2029,5,5-14,Other,37
2029,5,15-24,Female,1146
2029,5,15-24,Male,1146
2029,5,15-24,Other,46
2029,5,25-44,Female,1528
2029,5,25-44,Male,1528
2029,5,25-44,Other,62
2029,5,45-64,Female,1375
2029,5,45-64,Male,1375
2029,5,45-64,Other,56
2029,5,65-74,Female,917
2029,5,65-74,Male,917
2029,5,65-74,Other,37
2029,5,75-84,Female,611
2029,5,75-84,Male,611
2029,5,75-84,Other,24
2029,5,85+,Female,305
2029,5,85+,Male,305
2029,5,85+,Other,12
2029,6,0-4,Female,407
2029,6,0-4,Male,407
2029,6,0-4,Other,16
2029,6,5-14,Female,611
2029,6,5-14,Male,611
2029,6,5-14,Other,24
2029,6,15-24,Female,764
2029,6,15-24,Male,764
2029,6,15-24,Other,31
2029,6,25-44,Female,1019
2029,6,25-44,Male,1019
2029,6,25-44,Other,41
2029,6,45-64,Female,917
2029,6,45-64,Male,917
2029,6,45-64,Other,37
2029,6,65-74,Female,611
2029,6,65-74,Male,611
2029,6,65-74,Other,24
2029,6,75-84,Female,407
2029,6,75-84,Male,407
2029,6,75-84,Other,16
2029,6,85+,Female,203
2029,6,85+,Male,203
2029,6,85+,Other,8
2029,7,0-4,Female,407
2029,7,0-4,Male,407
2029,7,0-4,Other,16
2029,7,5-14,Female,611
2029,7,5-14,Male,611
2029,7,5-14,Other,24
2029,7,15-24,Female,764
2029,7,15-24,Male,764
2029,7,15-24,Other,31
2029,7,25-44,Female,1019
2029,7,25-44,Male,1019
2029,7,25-44,Other,41
2029,7,45-64,Female,917
2029,7,45-64,Male,917
2029,7,45-64,Other,37
2029,7,65-74,Female,611
2029,7,65-74,Male,611
2029,7,65-74,Other,24
2029,7,75-84,Female,407
2029,7,75-84,Male,407
2029,7,75-84,Other,16
2029,7,85+,Female,203
2029,7,85+,Male,203
2029,7,85+,Other,8
2029,8,0-4,Female,407
2029,8,0-4,Male,407
2029,8,0-4,Other,16
2029,8,5-14,Female,611
2029,8,5-14,Male,611
2029,8,5-14,Other,24
2029,8,15-24,Female,764
2029,8,15-24,Male,764
2029,8,15-24,Other,31
2029,8,25-44,Female,1019
2029,8,25-44,Male,1019
2029,8,25-44,Other,41
2029,8,45-64,Female,917
2029,8,45-64,Male,917
2029,8,45-64,Other,37
2029,8,65-74,Female,611
2029,8,65-74,Male,611
2029,8,65-74,Other,24
2029,8,75-84,Female,407
2029,8,75-84,Male,407
2029,8,75-84,Other,16
2029,8,85+,Female,203
2029,8,85+,Male,203
2029,8,85+,Other,8
2029,9,0-4,Female,407
2029,9,0-4,Male,407
2029,9,0-4,Other,16
2029,9,5-14,Female,611
2029,9,5-14,Male,611
2029,9,5-14,Other,24
2029,9,15-24,Female,764
2029,9,15-24,Male,764
2029,9,15-24,Other,31
2029,9,25-44,Female,1019
2029,9,25-44,Male,1019
2029,9,25-44,Other,41
2029,9,45-64,Female,917
2029,9,45-64,Male,917
2029,9,45-64,Other,37
2029,9,65-74,Female,611
2029,9,65-74,Male,611
2029,9,65-74,Other,24
2029,9,75-84,Female,407
2029,9,75-84,Male,407
2029,9,75-84,Other,16
2029,9,85+,Female,203
2029,9,85+,Male,203
2029,9,85+,Other,8
2029,10,0-4,Female,407
2029,10,0-4,Male,407
2029,10,0-4,Other,16
2029,10,5-14,Female,611
2029,10,5-14,Male,611
2029,10,5-14,Other,24
2029,10,15-24,Female,764
2029,10,15-24,Male,764
2029,10,15-24,Other,31
2029,10,25-44,Female,1019
2029,10,25-44,Male,1019
2029,10,25-44,Other,41
2029,10,45-64,Female,917
2029,10,45-64,Male,917
2029,10,45-64,Other,37
2029,10,65-74,Female,611
2029,10,65-74,Male,611
2029,10,65-74,Other,24
2029,10,75-84,Female,407
2029,10,75-84,Male,407
2029,10,75-84,Other,16
2029,10,85+,Female,203
2029,10,85+,Male,203
2029,10,85+,Other,8
2029,11,0-4,Female,407
2029,11,0-4,Male,407
2029,11,0-4,Other,16
2029,11,5-14,Female,611
2029,11,5-14,Male,611
2029,11,5-14,Other,24
2029,11,15-24,Female,764
2029,11,15-24,Male,764
2029,11,15-24,Other,31
2029,11,25-44,Female,1019
2029,11,25-44,Male,1019
2029,11,25-44,Other,41
2029,11,45-64,Female,917
2029,11,45-64,Male,917
2029,11,45-64,Other,37
2029,11,65-74,Female,611
2029,11,65-74,Male,611
2029,11,65-74,Other,24
2029,11,75-84,Female,407
2029,11,75-84,Male,407
2029,11,75-84,Other,16
2029,11,85+,Female,203
2029,11,85+,Male,203
2029,11,85+,Other,8
2029,12,0-4,Female,407
2029,12,0-4,Male,407
2029,12,0-4,Other,16
2029,12,5-14,Female,611
2029,12,5-14,Male,611
2029,12,5-14,Other,24
2029,12,15-24,Female,764
2029,12,15-24,Male,764
2029,12,15-24,Other,31
2029,12,25-44,Female,1019
2029,12,25-44,Male,1019
2029,12,25-44,Other,41
2029,12,45-64,Female,917
2029,12,45-64,Male,917
2029,12,45-64,Other,37
2029,12,65-74,Female,611
2029,12,65-74,Male,611
2029,12,65-74,Other,24
2029,12,75-84,Female,407
2029,12,75-84,Male,407
2029,12,75-84,Other,16
2029,12,85+,Female,203
2029,12,85+,Male,203
2029,12,85+,Other,8
2030,1,0-4,Female,617
2030,1,0-4,Male,617
2030,1,0-4,Other,25
2030,1,5-14,Female,926
2030,1,5-14,Male,926
2030,1,5-14,Other,37
2030,1,15-24,Female,1157
2030,1,15-24,Male,1157
2030,1,15-24,Other,47
2030,1,25-44,Female,1543
2030,1,25-44,Male,1543
2030,1,25-44,Other,63
2030,1,45-64,Female,1389
2030,1,45-64,Male,1389
2030,1,45-64,Other,56
2030,1,65-74,Female,926
2030,1,65-74,Male,926
2030,1,65-74,Other,37
2030,1,75-84,Female,617
2030,1,75-84,Male,617
2030,1,75-84,Other,25
2030,1,85+,Female,308
2030,1,85+,Male,308
2030,1,85+,Other,12
2030,2,0-4,Female,411
2030,2,0-4,Male,411
2030,2,0-4,Other,16
2030,2,5-14,Female,617
2030,2,5-14,Male,617
2030,2,5-14,Other,25
2030,2,15-24,Female,771
2030,2,15-24,Male,771
2030,2,15-24,Other,31
2030,2,25-44,Female,1029
2030,2,25-44,Male,1029
2030,2,25-44,Other,42
2030,2,45-64,Female,926
2030,2,45-64,Male,926
2030,2,45-64,Other,37
2030,2,65-74,Female,617
2030,2,65-74,Male,617
2030,2,65-74,Other,25
2030,2,75-84,Female,411
2030,2,75-84,Male,411
2030,2,75-84,Other,16
2030,2,85+,Female,205
2030,2,85+,Male,205
2030,2,85+,Other,8
2030,3,0-4,Female,617
2030,3,0-4,Male,617
2030,3,0-4,Other,25
2030,3,5-14,Female,926
2030,3,5-14,Male,926
2030,3,5-14,Other,37
2030,3,15-24,Female,1157
2030,3,15-24,Male,1157
2030,3,15-24,Other,47
2030,3,25-44,Female,1543
2030,3,25-44,Male,1543
2030,3,25-44,Other,63
2030,3,45-64,Female,1389
2030,3,45-64,Male,1389
2030,3,45-64,Other,56
2030,3,65-74,Female,926
2030,3,65-74,Male,926
2030,3,65-74,Other,37
2030,3,75-84,Female,617
2030,3,75-84,Male,617
2030,3,75-84,Other,25
2030,3,85+,Female,308
2030,3,85+,Male,308
2030,3,85+,Other,12
2030,4,0-4,Female,411
2030,4,0-4,Male,411
2030,4,0-4,Other,16
2030,4,5-14,Female,617
2030,4,5-14,Male,617
2030,4,5-14,Other,25
2030,4,15-24,Female,771
2030,4,15-24,Male,771
2030,4,15-24,Other,31
2030,4,25-44,Female,1029
2030,4,25-44,Male,1029
2030,4,25-44,Other,42
2030,4,45-64,Female,926
2030,4,45-64,Male,926
2030,4,45-64,Other,37
2030,4,65-74,Female,617
2030,4,65-74,Male,617
2030,4,65-74,Other,25
2030,4,75-84,Female,411
2030,4,75-84,Male,411
2030,4,75-84,Other,16
2030,4,85+,Female,205
2030,4,85+,Male,205
2030,4,85+,Other,8
2030,5,0-4,Female,617
2030,5,0-4,Male,617
2030,5,0-4,Other,25
2030,5,5-14,Female,926
2030,5,5-14,Male,926
2030,5,5-14,Other,37
2030,5,15-24,Female,1157
2030,5,15-24,Male,1157
2030,5,15-24,Other,47
2030,5,25-44,Female,1543
2030,5,25-44,Male,1543
2030,5,25-44,Other,63
2030,5,45-64,Female,1389
2030,5,45-64,Male,1389
2030,5,45-64,Other,56
2030,5,65-74,Female,926
2030,5,65-74,Male,926
2030,5,65-74,Other,37
2030,5,75-84,Female,617
2030,5,75-84,Male,617
2030,5,75-84,Other,25
2030,5,85+,Female,308
2030,5,85+,Male,308
2030,5,85+,Other,12
2030,6,0-4,Female,411
2030,6,0-4,Male,411
2030,6,0-4,Other,16
2030,6,5-14,Female,617
2030,6,5-14,Male,617
2030,6,5-14,Other,25
2030,6,15-24,Female,771
2030,6,15-24,Male,771
2030,6,15-24,Other,31
2030,6,25-44,Female,1029
2030,6,25-44,Male,1029
2030,6,25-44,Other,42
2030,6,45-64,Female,926
2030,6,45-64,Male,926
2030,6,45-64,Other,37
2030,6,65-74,Female,617
2030,6,65-74,Male,617
2030,6,65-74,Other,25
2030,6,75-84,Female,411
2030,6,75-84,Male,411
2030,6,75-84,Other,16
2030,6,85+,Female,205
2030,6,85+,Male,205
2030,6,85+,Other,8
2030,7,0-4,Female,411
2030,7,0-4,Male,411
2030,7,0-4,Other,16
2030,7,5-14,Female,617
2030,7,5-14,Male,617
2030,7,5-14,Other,25
2030,7,15-24,Female,771
2030,7,15-24,Male,771
2030,7,15-24,Other,31
2030,7,25-44,Female,1029
2030,7,25-44,Male,1029
2030,7,25-44,Other,42
2030,7,45-64,Female,926
2030,7,45-64,Male,926
2030,7,45-64,Other,37
2030,7,65-74,Female,617
2030,7,65-74,Male,617
2030,7,65-74,Other,25
2030,7,75-84,Female,411
2030,7,75-84,Male,411
2030,7,75-84,Other,16
2030,7,85+,Female,205
2030,7,85+,Male,205
2030,7,85+,Other,8
2030,8,0-4,Female,411
2030,8,0-4,Male,411
2030,8,0-4,Other,16
2030,8,5-14,Female,617
2030,8,5-14,Male,617
2030,8,5-14,Other,25
2030,8,15-24,Female,771
2030,8,15-24,Male,771
2030,8,15-24,Other,31
2030,8,25-44,Female,1029
2030,8,25-44,Male,1029
2030,8,25-44,Other,42
2030,8,45-64,Female,926
2030,8,45-64,Male,926
2030,8,45-64,Other,37
2030,8,65-74,Female,617
2030,8,65-74,Male,617
2030,8,65-74,Other,25
2030,8,75-84,Female,411
2030,8,75-84,Male,411
2030,8,75-84,Other,16
2030,8,85+,Female,205
2030,8,85+,Male,205
2030,8,85+,Other,8
2030,9,0-4,Female,411
2030,9,0-4,Male,411
2030,9,0-4,Other,16
2030,9,5-14,Female,617
2030,9,5-14,Male,617
2030,9,5-14,Other,25
2030,9,15-24,Female,771
2030,9,15-24,Male,771
2030,9,15-24,Other,31
2030,9,25-44,Female,1029
2030,9,25-44,Male,1029
2030,9,25-44,Other,42
2030,9,45-64,Female,926
2030,9,45-64,Male,926
2030,9,45-64,Other,37
2030,9,65-74,Female,617
2030,9,65-74,Male,617
2030,9,65-74,Other,25
2030,9,75-84,Female,411
2030,9,75-84,Male,411
2030,9,75-84,Other,16
2030,9,85+,Female,205
2030,9,85+,Male,205
2030,9,85+,Other,8
2030,10,0-4,Female,411
2030,10,0-4,Male,411
2030,10,0-4,Other,16
2030,10,5-14,Female,617
2030,10,5-14,Male,617
2030,10,5-14,Other,25
2030,10,15-24,Female,771
2030,10,15-24,Male,771
2030,10,15-24,Other,31
2030,10,25-44,Female,1029
2030,10,25-44,Male,1029
2030,10,25-44,Other,42
2030,10,45-64,Female,926
2030,10,45-64,Male,926
2030,10,45-64,Other,37
2030,10,65-74,Female,617
2030,10,65-74,Male,617
2030,10,65-74,Other,25
2030,10,75-84,Female,411
2030,10,75-84,Male,411
2030,10,75-84,Other,16
2030,10,85+,Female,205
2030,10,85+,Male,205
2030,10,85+,Other,8
2030,11,0-4,Female,411
2030,11,0-4,Male,411
2030,11,0-4,Other,16
2030,11,5-14,Female,617
2030,11,5-14,Male,617
2030,11,5-14,Other,25
2030,11,15-24,Female,771
2030,11,15-24,Male,771
2030,11,15-24,Other,31
2030,11,25-44,Female,1029
2030,11,25-44,Male,1029
2030,11,25-44,Other,42
2030,11,45-64,Female,926
2030,11,45-64,Male,926
2030,11,45-64,Other,37
2030,11,65-74,Female,617
2030,11,65-74,Male,617
2030,11,65-74,Other,25
2030,11,75-84,Female,411
2030,11,75-84,Male,411
2030,11,75-84,Other,16
2030,11,85+,Female,205
2030,11,85+,Male,205
2030,11,85+,Other,8
2030,12,0-4,Female,411
2030,12,0-4,Male,411
2030,12,0-4,Other,16
2030,12,5-14,Female,617
2030,12,5-14,Male,617
2030,12,5-14,Other,25
2030,12,15-24,Female,771
2030,12,15-24,Male,771
2030,12,15-24,Other,31
2030,12,25-44,Female,1029
2030,12,25-44,Male,1029
2030,12,25-44,Other,42
2030,12,45-64,Female,926
2030,12,45-64,Male,926
2030,12,45-64,Other,37
2030,12,65-74,Female,617
2030,12,65-74,Male,617
2030,12,65-74,Other,25
2030,12,75-84,Female,411
2030,12,75-84,Male,411
2030,12,75-84,Other,16
2030,12,85+,Female,205
2030,12,85+,Male,205
2030,12,85+,Other,8
2031,1,0-4,Female,623
2031,1,0-4,Male,623
2031,1,0-4,Other,25
2031,1,5-14,Female,934
2031,1,5-14,Male,934
2031,1,5-14,Other,38
2031,1,15-24,Female,1168
2031,1,15-24,Male,1168
2031,1,15-24,Other,47
2031,1,25-44,Female,1558
2031,1,25-44,Male,1558
2031,1,25-44,Other,63
2031,1,45-64,Female,1402
2031,1,45-64,Male,1402
2031,1,45-64,Other,57
2031,1,65-74,Female,934
2031,1,65-74,Male,934
2031,1,65-74,Other,38
2031,1,75-84,Female,623
2031,1,75-84,Male,623
2031,1,75-84,Other,25
2031,1,85+,Female,311
2031,1,85+,Male,311
2031,1,85+,Other,12
2031,2,0-4,Female,415
2031,2,0-4,Male,415
2031,2,0-4,Other,16
2031,2,5-14,Female,623
2031,2,5-14,Male,623
2031,2,5-14,Other,25
2031,2,15-24,Female,779
2031,2,15-24,Male,779
2031,2,15-24,Other,31
2031,2,25-44,Female,1038
2031,2,25-44,Male,1038
2031,2,25-44,Other,42
2031,2,45-64,Female,934
2031,2,45-64,Male,934
2031,2,45-64,Other,38
2031,2,65-74,Female,623
2031,2,65-74,Male,623
2031,2,65-74,Other,25
2031,2,75-84,Female,415
2031,2,75-84,Male,415
2031,2,75-84,Other,16
2031,2,85+,Female,207
2031,2,85+,Male,207
2031,2,85+,Other,8
2031,3,0-4,Female,623
2031,3,0-4,Male,623
2031,3,0-4,Other,25
2031,3,5-14,Female,934
2031,3,5-14,Male,934
2031,3,5-14,Other,38
2031,3,15-24,Female,1168
2031,3,15-24,Male,1168
2031,3,15-24,Other,47
2031,3,25-44,Female,1558
2031,3,25-44,Male,1558
2031,3,25-44,Other,63
2031,3,45-64,Female,1402
2031,3,45-64,Male,1402
2031,3,45-64,Other,57
2031,3,65-74,Female,934
2031,3,65-74,Male,934
2031,3,65-74,Other,38
2031,3,75-84,Female,623
2031,3,75-84,Male,623
2031,3,75-84,Other,25
2031,3,85+,Female,311
2031,3,85+,Male,311
2031,3,85+,Other,12
2031,4,0-4,Female,415
2031,4,0-4,Male,415
2031,4,0-4,Other,16
2031,4,5-14,Female,623
2031,4,5-14,Male,623
2031,4,5-14,Other,25
2031,4,15-24,Female,779
2031,4,15-24,Male,779
2031,4,15-24,Other,31
2031,4,25-44,Female,1038
2031,4,25-44,Male,1038
2031,4,25-44,Other,42
2031,4,45-64,Female,934
2031,4,45-64,Male,934
2031,4,45-64,Other,38
2031,4,65-74,Female,623
2031,4,65-74,Male,623
2031,4,65-74,Other,25
2031,4,75-84,Female,415
2031,4,75-84,Male,415
2031,4,75-84,Other,16
2031,4,85+,Female,207
2031,4,85+,Male,207
2031,4,85+,Other,8
2031,5,0-4,Female,623
2031,5,0-4,Male,623
2031,5,0-4,Other,25
2031,5,5-14,Female,934
2031,5,5-14,Male,934
2031,5,5-14,Other,38
2031,5,15-24,Female,1168
2031,5,15-24,Male,1168
2031,5,15-24,Other,47
2031,5,25-44,Female,1558
2031,5,25-44,Male,1558
2031,5,25-44,Other,63
2031,5,45-64,Female,1402
2031,5,45-64,Male,1402
2031,5,45-64,Other,57
2031,5,65-74,Female,934
2031,5,65-74,Male,934
2031,5,65-74,Other,38
2031,5,75-84,Female,623
2031,5,75-84,Male,623
2031,5,75-84,Other,25
2031,5,85+,Female,311
2031,5,85+,Male,311
2031,5,85+,Other,12
2031,6,0-4,Female,415
2031,6,0-4,Male,415
2031,6,0-4,Other,16
2031,6,5-14,Female,623
2031,6,5-14,Male,623
2031,6,5-14,Other,25
2031,6,15-24,Female,779
2031,6,15-24,Male,779
2031,6,15-24,Other,31
2031,6,25-44,Female,1038
2031,6,25-44,Male,1038
2031,6,25-44,Other,42
2031,6,45-64,Female,934
2031,6,45-64,Male,934
2031,6,45-64,Other,38
2031,6,65-74,Female,623
2031,6,65-74,Male,623
2031,6,65-74,Other,25
2031,6,75-84,Female,415
2031,6,75-84,Male,415
2031,6,75-84,Other,16
2031,6,85+,Female,207
2031,6,85+,Male,207
2031,6,85+,Other,8
2031,7,0-4,Female,415
2031,7,0-4,Male,415
2031,7,0-4,Other,16
2031,7,5-14,Female,623
2031,7,5-14,Male,623
2031,7,5-14,Other,25
2031,7,15-24,Female,779
2031,7,15-24,Male,779
2031,7,15-24,Other,31
2031,7,25-44,Female,1038
2031,7,25-44,Male,1038
2031,7,25-44,Other,42
2031,7,45-64,Female,934
2031,7,45-64,Male,934
2031,7,45-64,Other,38
2031,7,65-74,Female,623
2031,7,65-74,Male,623
2031,7,65-74,Other,25
2031,7,75-84,Female,415
2031,7,75-84,Male,415
2031,7,75-84,Other,16
2031,7,85+,Female,207
2031,7,85+,Male,207
2031,7,85+,Other,8
2031,8,0-4,Female,415
2031,8,0-4,Male,415
2031,8,0-4,Other,16
2031,8,5-14,Female,623
2031,8,5-14,Male,623
2031,8,5-14,Other,25
2031,8,15-24,Female,779
2031,8,15-24,Male,779
2031,8,15-24,Other,31
2031,8,25-44,Female,1038
2031,8,25-44,Male,1038
2031,8,25-44,Other,42
2031,8,45-64,Female,934
2031,8,45-64,Male,934
2031,8,45-64,Other,38
2031,8,65-74,Female,623
2031,8,65-74,Male,623
2031,8,65-74,Other,25
2031,8,75-84,Female,415
2031,8,75-84,Male,415
2031,8,75-84,Other,16
2031,8,85+,Female,207
2031,8,85+,Male,207
2031,8,85+,Other,8
2031,9,0-4,Female,415
2031,9,0-4,Male,415
2031,9,0-4,Other,16
2031,9,5-14,Female,623
2031,9,5-14,Male,623
2031,9,5-14,Other,25
2031,9,15-24,Female,779
2031,9,15-24,Male,779
2031,9,15-24,Other,31
2031,9,25-44,Female,1038
2031,9,25-44,Male,1038
2031,9,25-44,Other,42
2031,9,45-64,Female,934
2031,9,45-64,Male,934
2031,9,45-64,Other,38
2031,9,65-74,Female,623
2031,9,65-74,Male,623
2031,9,65-74,Other,25
2031,9,75-84,Female,415
2031,9,75-84,Male,415
2031,9,75-84,Other,16
2031,9,85+,Female,207
2031,9,85+,Male,207
2031,9,85+,Other,8
2031,10,0-4,Female,415
2031,10,0-4,Male,415
2031,10,0-4,Other,16
2031,10,5-14,Female,623
2031,10,5-14,Male,623
2031,10,5-14,Other,25
2031,10,15-24,Female,779
2031,10,15-24,Male,779
2031,10,15-24,Other,31
2031,10,25-44,Female,1038
2031,10,25-44,Male,1038
2031,10,25-44,Other,42
2031,10,45-64,Female,934
2031,10,45-64,Male,934
2031,10,45-64,Other,38
2031,10,65-74,Female,623
2031,10,65-74,Male,623
2031,10,65-74,Other,25
2031,10,75-84,Female,415
2031,10,75-84,Male,415
2031,10,75-84,Other,16
2031,10,85+,Female,207
2031,10,85+,Male,207
2031,10,85+,Other,8
2031,11,0-4,Female,415
2031,11,0-4,Male,415
2031,11,0-4,Other,16
2031,11,5-14,Female,623
2031,11,5-14,Male,623
2031,11,5-14,Other,25
2031,11,15-24,Female,779
2031,11,15-24,Male,779
2031,11,15-24,Other,31
2031,11,25-44,Female,1038
2031,11,25-44,Male,1038
2031,11,25-44,Other,42
2031,11,45-64,Female,934
2031,11,45-64,Male,934
2031,11,45-64,Other,38
2031,11,65-74,Female,623
2031,11,65-74,Male,623
2031,11,65-74,Other,25
2031,11,75-84,Female,415
2031,11,75-84,Male,415
2031,11,75-84,Other,16
2031,11,85+,Female,207
2031,11,85+,Male,207
2031,11,85+,Other,8
2031,12,0-4,Female,415
2031,12,0-4,Male,415
2031,12,0-4,Other,16
2031,12,5-14,Female,623
2031,12,5-14,Male,623
2031,12,5-14,Other,25
2031,12,15-24,Female,779
2031,12,15-24,Male,779
2031,12,15-24,Other,31
2031,12,25-44,Female,1038
2031,12,25-44,Male,1038
2031,12,25-44,Other,42
2031,12,45-64,Female,934
2031,12,45-64,Male,934
2031,12,45-64,Other,38
2031,12,65-74,Female,623
2031,12,65-74,Male,623
2031,12,65-74,Other,25
2031,12,75-84,Female,415
2031,12,75-84,Male,415
2031,12,75-84,Other,16
2031,12,85+,Female,207
2031,12,85+,Male,207
2031,12,85+,Other,8
2032,1,0-4,Female,629
2032,1,0-4,Male,629
2032,1,0-4,Other,25
2032,1,5-14,Female,943
2032,1,5-14,Male,943
2032,1,5-14,Other,38
2032,1,15-24,Female,1179
2032,1,15-24,Male,1179
2032,1,15-24,Other,48
2032,1,25-44,Female,1572
2032,1,25-44,Male,1572
2032,1,25-44,Other,64
2032,1,45-64,Female,1415
2032,1,45-64,Male,1415
2032,1,45-64,Other,57
2032,1,65-74,Female,943
2032,1,65-74,Male,943
2032,1,65-74,Other,38
2032,1,75-84,Female,629
2032,1,75-84,Male,629
2032,1,75-84,Other,25
2032,1,85+,Female,314
2032,1,85+,Male,314
2032,1,85+,Other,12
2032,2,0-4,Female,419
2032,2,0-4,Male,419
2032,2,0-4,Other,17
2032,2,5-14,Female,629
2032,2,5-14,Male,629
2032,2,5-14,Other,25
2032,2,15-24,Female,786
2032,2,15-24,Male,786
2032,2,15-24,Other,32
2032,2,25-44,Female,1048
2032,2,25-44,Male,1048
2032,2,25-44,Other,42
2032,2,45-64,Female,943
2032,2,45-64,Male,943
2032,2,45-64,Other,38
2032,2,65-74,Female,629
2032,2,65-74,Male,629
2032,2,65-74,Other,25
2032,2,75-84,Female,419
2032,2,75-84,Male,419
2032,2,75-84,Other,17
2032,2,85+,Female,209
2032,2,85+,Male,209
2032,2,85+,Other,8
2032,3,0-4,Female,629
2032,3,0-4,Male,629
2032,3,0-4,Other,25
2032,3,5-14,Female,943
2032,3,5-14,Male,943
2032,3,5-14,Other,38
2032,3,15-24,Female,1179
2032,3,15-24,Male,1179
2032,3,15-24,Other,48
2032,3,25-44,Female,1572
2032,3,25-44,Male,1572
2032,3,25-44,Other,64
2032,3,45-64,Female,1415
2032,3,45-64,Male,1415
2032,3,45-64,Other,57
2032,3,65-74,Female,943
2032,3,65-74,Male,943
2032,3,65-74,Other,38
2032,3,75-84,Female,629
2032,3,75-84,Male,629
2032,3,75-84,Other,25
2032,3,85+,Female,314
2032,3,85+,Male,314
2032,3,85+,Other,12
2032,4,0-4,Female,419
2032,4,0-4,Male,419
2032,4,0-4,Other,17
2032,4,5-14,Female,629
2032,4,5-14,Male,629
2032,4,5-14,Other,25
2032,4,15-24,Female,786
2032,4,15-24,Male,786
2032,4,15-24,Other,32
2032,4,25-44,Female,1048
2032,4,25-44,Male,1048
2032,4,25-44,Other,42
2032,4,45-64,Female,943
2032,4,45-64,Male,943
2032,4,45-64,Other,38
2032,4,65-74,Female,629
2032,4,65-74,Male,629
2032,4,65-74,Other,25
2032,4,75-84,Female,419
2032,4,75-84,Male,419
2032,4,75-84,Other,17
2032,4,85+,Female,209
2032,4,85+,Male,209
2032,4,85+,Other,8
2032,5,0-4,Female,629
2032,5,0-4,Male,629
2032,5,0-4,Other,25
2032,5,5-14,Female,943
2032,5,5-14,Male,943
2032,5,5-14,Other,38
2032,5,15-24,Female,1179
2032,5,15-24,Male,1179
2032,5,15-24,Other,48
2032,5,25-44,Female,1572
2032,5,25-44,Male,1572
2032,5,25-44,Other,64
2032,5,45-64,Female,1415
2032,5,45-64,Male,1415
2032,5,45-64,Other,57
2032,5,65-74,Female,943
2032,5,65-74,Male,943
2032,5,65-74,Other,38
2032,5,75-84,Female,629
2032,5,75-84,Male,629
2032,5,75-84,Other,25
2032,5,85+,Female,314
2032,5,85+,Male,314
2032,5,85+,Other,12
2032,6,0-4,Female,419
2032,6,0-4,Male,419
2032,6,0-4,Other,17
2032,6,5-14,Female,629
2032,6,5-14,Male,629
2032,6,5-14,Other,25
2032,6,15-24,Female,786
2032,6,15-24,Male,786
2032,6,15-24,Other,32
2032,6,25-44,Female,1048
2032,6,25-44,Male,1048
2032,6,25-44,Other,42
2032,6,45-64,Female,943
2032,6,45-64,Male,943
2032,6,45-64,Other,38
2032,6,65-74,Female,629
2032,6,65-74,Male,629
2032,6,65-74,Other,25
2032,6,75-84,Female,419
2032,6,75-84,Male,419
2032,6,75-84,Other,17
2032,6,85+,Female,209
2032,6,85+,Male,209
2032,6,85+,Other,8
2032,7,0-4,Female,419
2032,7,0-4,Male,419
2032,7,0-4,Other,17
2032,7,5-14,Female,629
2032,7,5-14,Male,629
2032,7,5-14,Other,25
2032,7,15-24,Female,786
2032,7,15-24,Male,786
2032,7,15-24,Other,32
2032,7,25-44,Female,1048
2032,7,25-44,Male,1048
2032,7,25-44,Other,42
2032,7,45-64,Female,943
2032,7,45-64,Male,943
2032,7,45-64,Other,38
2032,7,65-74,Female,629
2032,7,65-74,Male,629
2032,7,65-74,Other,25
2032,7,75-84,Female,419
2032,7,75-84,Male,419
2032,7,75-84,Other,17
2032,7,85+,Female,209
2032,7,85+,Male,209
2032,7,85+,Other,8
2032,8,0-4,Female,419
2032,8,0-4,Male,419
2032,8,0-4,Other,17
2032,8,5-14,Female,629
2032,8,5-14,Male,629
2032,8,5-14,Other,25
2032,8,15-24,Female,786
2032,8,15-24,Male,786
2032,8,15-24,Other,32
2032,8,25-44,Female,1048
2032,8,25-44,Male,1048
2032,8,25-44,Other,42
2032,8,45-64,Female,943
2032,8,45-64,Male,943
2032,8,45-64,Other,38
2032,8,65-74,Female,629
2032,8,65-74,Male,629
2032,8,65-74,Other,25
2032,8,75-84,Female,419
2032,8,75-84,Male,419
2032,8,75-84,Other,17
2032,8,85+,Female,209
2032,8,85+,Male,209
2032,8,85+,Other,8
2032,9,0-4,Female,419
2032,9,0-4,Male,419
2032,9,0-4,Other,17
2032,9,5-14,Female,629
2032,9,5-14,Male,629
2032,9,5-14,Other,25
2032,9,15-24,Female,786
2032,9,15-24,Male,786
2032,9,15-24,Other,32
2032,9,25-44,Female,1048
2032,9,25-44,Male,1048
2032,9,25-44,Other,42
2032,9,45-64,Female,943
2032,9,45-64,Male,943
2032,9,45-64,Other,38
2032,9,65-74,Female,629
2032,9,65-74,Male,629
2032,9,65-74,Other,25
2032,9,75-84,Female,419
2032,9,75-84,Male,419
2032,9,75-84,Other,17
2032,9,85+,Female,209
2032,9,85+,Male,209
2032,9,85+,Other,8
2032,10,0-4,Female,419
2032,10,0-4,Male,419
2032,10,0-4,Other,17
2032,10,5-14,Female,629
2032,10,5-14,Male,629
2032,10,5-14,Other,25
2032,10,15-24,Female,786
2032,10,15-24,Male,786
2032,10,15-24,Other,32
2032,10,25-44,Female,1048
2032,10,25-44,Male,1048
2032,10,25-44,Other,42
2032,10,45-64,Female,943
2032,10,45-64,Male,943
2032,10,45-64,Other,38
2032,10,65-74,Female,629
2032,10,65-74,Male,629
2032,10,65-74,Other,25
2032,10,75-84,Female,419
2032,10,75-84,Male,419
2032,10,75-84,Other,17
2032,10,85+,Female,209
2032,10,85+,Male,209
2032,10,85+,Other,8
2032,11,0-4,Female,419
2032,11,0-4,Male,419
2032,11,0-4,Other,17
2032,11,5-14,Female,629
2032,11,5-14,Male,629
2032,11,5-14,Other,25
2032,11,15-24,Female,786
2032,11,15-24,Male,786
2032,11,15-24,Other,32
2032,11,25-44,Female,1048
2032,11,25-44,Male,1048
2032,11,25-44,Other,42
2032,11,45-64,Female,943
2032,11,45-64,Male,943
2032,11,45-64,Other,38
2032,11,65-74,Female,629
2032,11,65-74,Male,629
2032,11,65-74,Other,25
2032,11,75-84,Female,419
2032,11,75-84,Male,419
2032,11,75-84,Other,17
2032,11,85+,Female,209
2032,11,85+,Male,209
2032,11,85+,Other,8
2032,12,0-4,Female,419
2032,12,0-4,Male,419
2032,12,0-4,Other,17
2032,12,5-14,Female,629
2032,12,5-14,Male,629
2032,12,5-14,Other,25
2032,12,15-24,Female,786
2032,12,15-24,Male,786
2032,12,15-24,Other,32
2032,12,25-44,Female,1048
2032,12,25-44,Male,1048
2032,12,25-44,Other,42
2032,12,45-64,Female,943
2032,12,45-64,Male,943
2032,12,45-64,Other,38
2032,12,65-74,Female,629
2032,12,65-74,Male,629
2032,12,65-74,Other,25
2032,12,75-84,Female,419
2032,12,75-84,Male,419
2032,12,75-84,Other,17
2032,12,85+,Female,209
2032,12,85+,Male,209
2032,12,85+,Other,8
2033,1,0-4,Female,635
2033,1,0-4,Male,635
2033,1,0-4,Other,25
2033,1,5-14,Female,952
2033,1,5-14,Male,952
2033,1,5-14,Other,38
2033,1,15-24,Female,1190
2033,1,15-24,Male,1190
2033,1,15-24,Other,48
2033,1,25-44,Female,1587
2033,1,25-44,Male,1587
2033,1,25-44,Other,64
2033,1,45-64,Female,1428
2033,1,45-64,Male,1428
2033,1,45-64,Other,58
2033,1,65-74,Female,952
2033,1,65-74,Male,952
2033,1,65-74,Other,38
2033,1,75-84,Female,635
2033,1,75-84,Male,635
2033,1,75-84,Other,25
2033,1,85+,Female,317
2033,1,85+,Male,317
2033,1,85+,Other,12
2033,2,0-4,Female,423
2033,2,0-4,Male,423
2033,2,0-4,Other,17
2033,2,5-14,Female,635
2033,2,5-14,Male,635
2033,2,5-14,Other,25
2033,2,15-24,Female,793
2033,2,15-24,Male,793
2033,2,15-24,Other,32
2033,2,25-44,Female,1058
2033,2,25-44,Male,1058
2033,2,25-44,Other,43
2033,2,45-64,Female,952
2033,2,45-64,Male,952
2033,2,45-64,Other,38
2033,2,65-74,Female,635
2033,2,65-74,Male,635
2033,2,65-74,Other,25
2033,2,75-84,Female,423
2033,2,75-84,Male,423
2033,2,75-84,Other,17
2033,2,85+,Female,211
2033,2,85+,Male,211
2033,2,85+,Other,8
2033,3,0-4,Female,635
2033,3,0-4,Male,635
2033,3,0-4,Other,25
2033,3,5-14,Female,952
2033,3,5-14,Male,952
2033,3,5-14,Other,38
2033,3,15-24,Female,1190
2033,3,15-24,Male,1190
2033,3,15-24,Other,48
2033,3,25-44,Female,1587
2033,3,25-44,Male,1587
2033,3,25-44,Other,64
2033,3,45-64,Female,1428
2033,3,45-64,Male,1428
2033,3,45-64,Other,58
2033,3,65-74,Female,952
2033,3,65-74,Male,952
2033,3,65-74,Other,38
2033,3,75-84,Female,635
2033,3,75-84,Male,635
2033,3,75-84,Other,25
2033,3,85+,Female,317
2033,3,85+,Male,317
2033,3,85+,Other,12
2033,4,0-4,Female,423
2033,4,0-4,Male,423
2033,4,0-4,Other,17
2033,4,5-14,Female,635
2033,4,5-14,Male,635
2033,4,5-14,Other,25
2033,4,15-24,Female,793
2033,4,15-24,Male,793
2033,4,15-24,Other,32
2033,4,25-44,Female,1058
2033,4,25-44,Male,1058
2033,4,25-44,Other,43
2033,4,45-64,Female,952
2033,4,45-64,Male,952
2033,4,45-64,Other,38
2033,4,65-74,Female,635
2033,4,65-74,Male,635
2033,4,65-74,Other,25
2033,4,75-84,Female,423
2033,4,75-84,Male,423
2033,4,75-84,Other,17
2033,4,85+,Female,211
2033,4,85+,Male,211
2033,4,85+,Other,8
2033,5,0-4,Female,635
2033,5,0-4,Male,635
2033,5,0-4,Other,25
2033,5,5-14,Female,952
2033,5,5-14,Male,952
2033,5,5-14,Other,38
2033,5,15-24,Female,1190
2033,5,15-24,Male,1190
2033,5,15-24,Other,48
2033,5,25-44,Female,1587
2033,5,25-44,Male,1587
2033,5,25-44,Other,64
2033,5,45-64,Female,1428
2033,5,45-64,Male,1428
2033,5,45-64,Other,58
2033,5,65-74,Female,952
2033,5,65-74,Male,952
2033,5,65-74,Other,38
2033,5,75-84,Female,635
2033,5,75-84,Male,635
2033,5,75-84,Other,25
2033,5,85+,Female,317
2033,5,85+,Male,317
2033,5,85+,Other,12
2033,6,0-4,Female,423
2033,6,0-4,Male,423
2033,6,0-4,Other,17
2033,6,5-14,Female,635
2033,6,5-14,Male,635
2033,6,5-14,Other,25
2033,6,15-24,Female,793
2033,6,15-24,Male,793
2033,6,15-24,Other,32
2033,6,25-44,Female,1058
2033,6,25-44,Male,1058
2033,6,25-44,Other,43
2033,6,45-64,Female,952
2033,6,45-64,Male,952
2033,6,45-64,Other,38
2033,6,65-74,Female,635
2033,6,65-74,Male,635
2033,6,65-74,Other,25
2033,6,75-84,Female,423
2033,6,75-84,Male,423
2033,6,75-84,Other,17
2033,6,85+,Female,211
2033,6,85+,Male,211
2033,6,85+,Other,8
2033,7,0-4,Female,423
2033,7,0-4,Male,423
2033,7,0-4,Other,17
2033,7,5-14,Female,635
2033,7,5-14,Male,635
2033,7,5-14,Other,25
2033,7,15-24,Female,793
2033,7,15-24,Male,793
2033,7,15-24,Other,32
2033,7,25-44,Female,1058
2033,7,25-44,Male,1058
2033,7,25-44,Other,43
2033,7,45-64,Female,952
2033,7,45-64,Male,952
2033,7,45-64,Other,38
2033,7,65-74,Female,635
2033,7,65-74,Male,635
2033,7,65-74,Other,25
2033,7,75-84,Female,423
2033,7,75-84,Male,423
2033,7,75-84,Other,17
2033,7,85+,Female,211
2033,7,85+,Male,211
2033,7,85+,Other,8
2033,8,0-4,Female,423
2033,8,0-4,Male,423
2033,8,0-4,Other,17
2033,8,5-14,Female,635
2033,8,5-14,Male,635
2033,8,5-14,Other,25
2033,8,15-24,Female,793
2033,8,15-24,Male,793
2033,8,15-24,Other,32
2033,8,25-44,Female,1058
2033,8,25-44,Male,1058
2033,8,25-44,Other,43
2033,8,45-64,Female,952
2033,8,45-64,Male,952
2033,8,45-64,Other,38
2033,8,65-74,Female,635
2033,8,65-74,Male,635
2033,8,65-74,Other,25
2033,8,75-84,Female,423
2033,8,75-84,Male,423
2033,8,75-84,Other,17
2033,8,85+,Female,211
2033,8,85+,Male,211
2033,8,85+,Other,8
2033,9,0-4,Female,423
2033,9,0-4,Male,423
2033,9,0-4,Other,17
2033,9,5-14,Female,635
2033,9,5-14,Male,635
2033,9,5-14,Other,25
2033,9,15-24,Female,793
2033,9,15-24,Male,793
2033,9,15-24,Other,32
2033,9,25-44,Female,1058
2033,9,25-44,Male,1058
2033,9,25-44,Other,43
2033,9,45-64,Female,952
2033,9,45-64,Male,952
2033,9,45-64,Other,38
2033,9,65-74,Female,635
2033,9,65-74,Male,635
2033,9,65-74,Other,25
2033,9,75-84,Female,423
2033,9,75-84,Male,423
2033,9,75-84,Other,17
2033,9,85+,Female,211
2033,9,85+,Male,211
2033,9,85+,Other,8
2033,10,0-4,Female,423
2033,10,0-4,Male,423
2033,10,0-4,Other,17
2033,10,5-14,Female,635
2033,10,5-14,Male,635
2033,10,5-14,Other,25
2033,10,15-24,Female,793
2033,10,15-24,Male,793
2033,10,15-24,Other,32
2033,10,25-44,Female,1058
2033,10,25-44,Male,1058
2033,10,25-44,Other,43
2033,10,45-64,Female,952
2033,10,45-64,Male,952
2033,10,45-64,Other,38
2033,10,65-74,Female,635
2033,10,65-74,Male,635
2033,10,65-74,Other,25
2033,10,75-84,Female,423
2033,10,75-84,Male,423
2033,10,75-84,Other,17
2033,10,85+,Female,211
2033,10,85+,Male,211
2033,10,85+,Other,8
2033,11,0-4,Female,423
2033,11,0-4,Male,423
2033,11,0-4,Other,17
2033,11,5-14,Female,635
2033,11,5-14,Male,635
2033,11,5-14,Other,25
2033,11,15-24,Female,793
2033,11,15-24,Male,793
2033,11,15-24,Other,32
2033,11,25-44,Female,1058
2033,11,25-44,Male,1058
2033,11,25-44,Other,43
2033,11,45-64,Female,952
2033,11,45-64,Male,952
2033,11,45-64,Other,38
2033,11,65-74,Female,635
2033,11,65-74,Male,635
2033,11,65-74,Other,25
2033,11,75-84,Female,423
2033,11,75-84,Male,423
2033,11,75-84,Other,17
2033,11,85+,Female,211
2033,11,85+,Male,211
2033,11,85+,Other,8
2033,12,0-4,Female,423
2033,12,0-4,Male,423
2033,12,0-4,Other,17
2033,12,5-14,Female,635
2033,12,5-14,Male,635
2033,12,5-14,Other,25
2033,12,15-24,Female,793
2033,12,15-24,Male,793
2033,12,15-24,Other,32
2033,12,25-44,Female,1058
2033,12,25-44,Male,1058
2033,12,25-44,Other,43
2033,12,45-64,Female,952
2033,12,45-64,Male,952
2033,12,45-64,Other,38
2033,12,65-74,Female,635
2033,12,65-74,Male,635
2033,12,65-74,Other,25
2033,12,75-84,Female,423
2033,12,75-84,Male,423
2033,12,75-84,Other,17
2033,12,85+,Female,211
2033,12,85+,Male,211
2033,12,85+,Other,8
2034,1,0-4,Female,640
2034,1,0-4,Male,640
2034,1,0-4,Other,26
2034,1,5-14,Female,961
2034,1,5-14,Male,961
2034,1,5-14,Other,39
2034,1,15-24,Female,1201
2034,1,15-24,Male,1201
2034,1,15-24,Other,49
2034,1,25-44,Female,1602
2034,1,25-44,Male,1602
2034,1,25-44,Other,65
2034,1,45-64,Female,1442
2034,1,45-64,Male,1442
2034,1,45-64,Other,58
2034,1,65-74,Female,961
2034,1,65-74,Male,961
2034,1,65-74,Other,39
2034,1,75-84,Female,640
2034,1,75-84,Male,640
2034,1,75-84,Other,26
2034,1,85+,Female,320
2034,1,85+,Male,320
2034,1,85+,Other,13
2034,2,0-4,Female,427
2034,2,0-4,Male,427
2034,2,0-4,Other,17
2034,2,5-14,Female,640
2034,2,5-14,Male,640
2034,2,5-14,Other,26
2034,2,15-24,Female,801
2034,2,15-24,Male,801
2034,2,15-24,Other,32
2034,2,25-44,Female,1068
2034,2,25-44,Male,1068
2034,2,25-44,Other,43
2034,2,45-64,Female,961
2034,2,45-64,Male,961
2034,2,45-64,Other,39
2034,2,65-74,Female,640
2034,2,65-74,Male,640
2034,2,65-74,Other,26
2034,2,75-84,Female,427
2034,2,75-84,Male,427
2034,2,75-84,Other,17
2034,2,85+,Female,213
2034,2,85+,Male,213
2034,2,85+,Other,8
2034,3,0-4,Female,640
2034,3,0-4,Male,640
2034,3,0-4,Other,26
2034,3,5-14,Female,961
2034,3,5-14,Male,961
2034,3,5-14,Other,39
2034,3,15-24,Female,1201
2034,3,15-24,Male,1201
2034,3,15-24,Other,49
2034,3,25-44,Female,1602
2034,3,25-44,Male,1602
2034,3,25-44,Other,65
2034,3,45-64,Female,1442
2034,3,45-64,Male,1442
2034,3,45-64,Other,58
2034,3,65-74,Female,961
2034,3,65-74,Male,961
2034,3,65-74,Other,39
2034,3,75-84,Female,640
2034,3,75-84,Male,640
2034,3,75-84,Other,26
2034,3,85+,Female,320
2034,3,85+,Male,320
2034,3,85+,Other,13
2034,4,0-4,Female,427
2034,4,0-4,Male,427
2034,4,0-4,Other,17
2034,4,5-14,Female,640
2034,4,5-14,Male,640
2034,4,5-14,Other,26
2034,4,15-24,Female,801
2034,4,15-24,Male,801
2034,4,15-24,Other,32
2034,4,25-44,Female,1068
2034,4,25-44,Male,1068
2034,4,25-44,Other,43
2034,4,45-64,Female,961
2034,4,45-64,Male,961
2034,4,45-64,Other,39
2034,4,65-74,Female,640
2034,4,65-74,Male,640
2034,4,65-74,Other,26
2034,4,75-84,Female,427
2034,4,75-84,Male,427
2034,4,75-84,Other,17
2034,4,85+,Female,213
2034,4,85+,Male,213
2034,4,85+,Other,8
2034,5,0-4,Female,640
2034,5,0-4,Male,640
2034,5,0-4,Other,26
2034,5,5-14,Female,961
2034,5,5-14,Male,961
2034,5,5-14,Other,39
2034,5,15-24,Female,1201
2034,5,15-24,Male,1201
2034,5,15-24,Other,49
2034,5,25-44,Female,1602
2034,5,25-44,Male,1602
2034,5,25-44,Other,65
2034,5,45-64,Female,1442
2034,5,45-64,Male,1442
2034,5,45-64,Other,58
2034,5,65-74,Female,961
2034,5,65-74,Male,961
2034,5,65-74,Other,39
2034,5,75-84,Female,640
2034,5,75-84,Male,640
2034,5,75-84,Other,26
2034,5,85+,Female,320
2034,5,85+,Male,320
2034,5,85+,Other,13
2034,6,0-4,Female,427
2034,6,0-4,Male,427
2034,6,0-4,Other,17
2034,6,5-14,Female,640
2034,6,5-14,Male,640
2034,6,5-14,Other,26
2034,6,15-24,Female,801
2034,6,15-24,Male,801
2034,6,15-24,Other,32
2034,6,25-44,Female,1068
2034,6,25-44,Male,1068
2034,6,25-44,Other,43
2034,6,45-64,Female,961
2034,6,45-64,Male,961
2034,6,45-64,Other,39
2034,6,65-74,Female,640
2034,6,65-74,Male,640
2034,6,65-74,Other,26
2034,6,75-84,Female,427
2034,6,75-84,Male,427
2034,6,75-84,Other,17
2034,6,85+,Female,213
2034,6,85+,Male,213
2034,6,85+,Other,8
2034,7,0-4,Female,427
2034,7,0-4,Male,427
2034,7,0-4,Other,17
2034,7,5-14,Female,640
2034,7,5-14,Male,640
2034,7,5-14,Other,26
2034,7,15-24,Female,801
2034,7,15-24,Male,801
2034,7,15-24,Other,32
2034,7,25-44,Female,1068
2034,7,25-44,Male,1068
2034,7,25-44,Other,43
2034,7,45-64,Female,961
2034,7,45-64,Male,961
2034,7,45-64,Other,39
2034,7,65-74,Female,640
2034,7,65-74,Male,640
2034,7,65-74,Other,26
2034,7,75-84,Female,427
2034,7,75-84,Male,427
2034,7,75-84,Other,17
2034,7,85+,Female,213
2034,7,85+,Male,213
2034,7,85+,Other,8
2034,8,0-4,Female,427
2034,8,0-4,Male,427
2034,8,0-4,Other,17
2034,8,5-14,Female,640
2034,8,5-14,Male,640
2034,8,5-14,Other,26
2034,8,15-24,Female,801
2034,8,15-24,Male,801
2034,8,15-24,Other,32
2034,8,25-44,Female,1068
2034,8,25-44,Male,1068
2034,8,25-44,Other,43
2034,8,45-64,Female,961
2034,8,45-64,Male,961
2034,8,45-64,Other,39
2034,8,65-74,Female,640
2034,8,65-74,Male,640
2034,8,65-74,Other,26
2034,8,75-84,Female,427
2034,8,75-84,Male,427
2034,8,75-84,Other,17
2034,8,85+,Female,213
2034,8,85+,Male,213
2034,8,85+,Other,8
2034,9,0-4,Female,427
2034,9,0-4,Male,427
2034,9,0-4,Other,17
2034,9,5-14,Female,640
2034,9,5-14,Male,640
2034,9,5-14,Other,26
2034,9,15-24,Female,801
2034,9,15-24,Male,801
2034,9,15-24,Other,32
2034,9,25-44,Female,1068
2034,9,25-44,Male,1068
2034,9,25-44,Other,43
2034,9,45-64,Female,961
2034,9,45-64,Male,961
2034,9,45-64,Other,39
2034,9,65-74,Female,640
2034,9,65-74,Male,640
2034,9,65-74,Other,26
2034,9,75-84,Female,427
2034,9,75-84,Male,427
2034,9,75-84,Other,17
2034,9,85+,Female,213
2034,9,85+,Male,213
2034,9,85+,Other,8
2034,10,0-4,Female,427
2034,10,0-4,Male,427
2034,10,0-4,Other,17
2034,10,5-14,Female,640
2034,10,5-14,Male,640
2034,10,5-14,Other,26
2034,10,15-24,Female,801
2034,10,15-24,Male,801
2034,10,15-24,Other,32
2034,10,25-44,Female,1068
2034,10,25-44,Male,1068
2034,10,25-44,Other,43
2034,10,45-64,Female,961
2034,10,45-64,Male,961
2034,10,45-64,Other,39
2034,10,65-74,Female,640
2034,10,65-74,Male,640
2034,10,65-74,Other,26
2034,10,75-84,Female,427
2034,10,75-84,Male,427
2034,10,75-84,Other,17
2034,10,85+,Female,213
2034,10,85+,Male,213
2034,10,85+,Other,8
2034,11,0-4,Female,427
2034,11,0-4,Male,427
2034,11,0-4,Other,17
2034,11,5-14,Female,640
2034,11,5-14,Male,640
2034,11,5-14,Other,26
2034,11,15-24,Female,801
2034,11,15-24,Male,801
2034,11,15-24,Other,32
2034,11,25-44,Female,1068
2034,11,25-44,Male,1068
2034,11,25-44,Other,43
2034,11,45-64,Female,961
2034,11,45-64,Male,961
2034,11,45-64,Other,39
2034,11,65-74,Female,640
2034,11,65-74,Male,640
2034,11,65-74,Other,26
2034,11,75-84,Female,427
2034,11,75-84,Male,427
2034,11,75-84,Other,17
2034,11,85+,Female,213
2034,11,85+,Male,213
2034,11,85+,Other,8
2034,12,0-4,Female,427
2034,12,0-4,Male,427
2034,12,0-4,Other,17
2034,12,5-14,Female,640
2034,12,5-14,Male,640
2034,12,5-14,Other,26
2034,12,15-24,Female,801
2034,12,15-24,Male,801
2034,12,15-24,Other,32
2034,12,25-44,Female,1068
2034,12,25-44,Male,1068
2034,12,25-44,Other,43
2034,12,45-64,Female,961
2034,12,45-64,Male,961
2034,12,45-64,Other,39
2034,12,65-74,Female,640
2034,12,65-74,Male,640
2034,12,65-74,Other,26
2034,12,75-84,Female,427
2034,12,75-84,Male,427
2034,12,75-84,Other,17
2034,12,85+,Female,213
2034,12,85+,Male,213
2034,12,85+,Other,8
